,location,momo_rating
0,Darjeeling,3.82
1,Delhi,2.63
2,Kathmandu,4.34
3,Delhi,2.65
4,Delhi,3.79
5,Darjeeling,3.06
6,Kathmandu,3.14
7,Darjeeling,4.68
8,Kathmandu,2.57
9,Delhi,2.75
10,Kathmandu,4.24
11,Delhi,1.91
12,Delhi,2.36
13,Darjeeling,4.21
14,Darjeeling,3.49
15,Darjeeling,2.2
16,Delhi,3.23
17,Delhi,4.39
18,Delhi,1.0
19,Kathmandu,3.65
20,Delhi,1.97
21,Kathmandu,2.75
22,Darjeeling,3.38
23,Kathmandu,2.73
24,Delhi,4.88
25,Delhi,5.0
26,Darjeeling,4.06
27,Kathmandu,2.62
28,Darjeeling,3.79
29,Delhi,1.65
30,Kathmandu,3.12
31,Darjeeling,4.63
32,Darjeeling,3.49
33,Darjeeling,3.38
34,Delhi,3.56
35,Kathmandu,3.3
36,Darjeeling,2.62
37,Kathmandu,3.69
38,Delhi,2.48
39,Kathmandu,3.86
40,Darjeeling,3.98
41,Darjeeling,3.67
42,Delhi,3.68
43,Delhi,1.0
44,Delhi,3.96
45,Delhi,3.41
46,Kathmandu,2.52
47,Delhi,3.13
48,Darjeeling,3.19
49,Delhi,1.01
50,Kathmandu,2.58
51,Darjeeling,4.92
52,Darjeeling,4.19
53,Delhi,3.39
54,Darjeeling,3.41
55,Delhi,1.66
56,Delhi,3.71
57,Delhi,3.9
58,Darjeeling,3.81
59,Kathmandu,1.32
60,Darjeeling,4.04
61,Delhi,4.36
62,Darjeeling,2.89
63,Darjeeling,2.61
64,Darjeeling,3.28
65,Kathmandu,3.38
66,Kathmandu,2.94
67,Kathmandu,3.68
68,Darjeeling,4.5
69,Delhi,2.5
70,Delhi,4.22
71,Delhi,4.2
72,Delhi,4.66
73,Darjeeling,2.66
74,Delhi,2.59
75,Delhi,3.96
76,Kathmandu,2.29
77,Kathmandu,1.66
78,Darjeeling,2.57
79,Darjeeling,4.24
80,Delhi,2.14
81,Darjeeling,4.63
82,Kathmandu,4.34
83,Kathmandu,4.37
84,Kathmandu,4.01
85,Darjeeling,3.0
86,Kathmandu,3.24
87,Kathmandu,4.37
88,Delhi,2.26
89,Delhi,1.98
90,Darjeeling,3.12
91,Kathmandu,1.0
92,Darjeeling,4.18
93,Kathmandu,4.97
94,Darjeeling,1.86
95,Darjeeling,3.45
96,Darjeeling,2.62
97,Kathmandu,3.76
98,Delhi,2.35
99,Kathmandu,4.09
100,Kathmandu,5.0
101,Kathmandu,3.68
102,Kathmandu,3.5
103,Kathmandu,4.4
104,Kathmandu,3.86
105,Delhi,3.57
106,Delhi,2.27
107,Darjeeling,3.32
108,Darjeeling,2.4
109,Delhi,2.52
110,Kathmandu,2.29
111,Delhi,4.47
112,Darjeeling,3.57
113,Darjeeling,3.94
114,Kathmandu,3.78
115,Delhi,1.67
116,Delhi,2.57
117,Delhi,4.57
118,Kathmandu,4.75
119,Kathmandu,2.97
120,Kathmandu,4.85
121,Darjeeling,4.14
122,Delhi,3.42
123,Delhi,4.65
124,Darjeeling,3.52
125,Delhi,2.76
126,Kathmandu,4.99
127,Kathmandu,3.35
128,Darjeeling,3.82
129,Delhi,4.37
130,Kathmandu,1.34
131,Kathmandu,3.7
132,Darjeeling,3.86
133,Delhi,2.48
134,Kathmandu,4.42
135,Darjeeling,4.46
136,Delhi,2.64
137,Kathmandu,3.03
138,Darjeeling,3.72
139,Delhi,1.99
140,Delhi,1.87
141,Darjeeling,2.51
142,Darjeeling,3.66
143,Darjeeling,2.25
144,Delhi,1.82
145,Delhi,3.39
146,Delhi,4.45
147,Delhi,3.15
148,Delhi,3.57
149,Kathmandu,1.71
150,Kathmandu,3.87
151,Delhi,3.11
152,Delhi,1.77
153,Delhi,3.64
154,Delhi,2.76
155,Darjeeling,2.38
156,Darjeeling,2.37
157,Kathmandu,3.66
158,Darjeeling,3.78
159,Delhi,1.07
160,Delhi,2.62
161,Kathmandu,2.98
162,Darjeeling,3.99
163,Delhi,2.86
164,Delhi,2.16
165,Kathmandu,2.52
166,Kathmandu,3.09
167,Delhi,3.68
168,Delhi,2.29
169,Delhi,3.41
170,Kathmandu,2.67
171,Kathmandu,3.67
172,Delhi,2.82
173,Darjeeling,2.26
174,Darjeeling,1.86
175,Darjeeling,4.12
176,Delhi,2.18
177,Kathmandu,4.08
178,Darjeeling,3.93
179,Kathmandu,2.85
180,Darjeeling,3.59
181,Kathmandu,1.98
182,Kathmandu,1.51
183,Delhi,2.55
184,Darjeeling,2.69
185,Kathmandu,2.97
186,Kathmandu,5.0
187,Darjeeling,2.83
188,Darjeeling,3.56
189,Delhi,1.79
190,Darjeeling,3.28
191,Darjeeling,3.04
192,Delhi,1.82
193,Kathmandu,5.0
194,Kathmandu,2.97
195,Delhi,1.76
196,Kathmandu,3.91
197,Kathmandu,2.87
198,Kathmandu,3.27
199,Delhi,4.27
200,Darjeeling,3.07
201,Kathmandu,3.2
202,Darjeeling,3.75
203,Delhi,3.88
204,Kathmandu,3.23
205,Kathmandu,2.24
206,Darjeeling,3.52
207,Delhi,1.0
208,Darjeeling,3.88
209,Darjeeling,4.2
210,Kathmandu,3.0
211,Delhi,2.38
212,Darjeeling,3.41
213,Kathmandu,4.11
214,Kathmandu,5.0
215,Darjeeling,2.77
216,Darjeeling,2.83
217,Kathmandu,4.1
218,Delhi,2.31
219,Delhi,3.58
220,Darjeeling,4.09
221,Kathmandu,4.46
222,Delhi,1.92
223,Kathmandu,2.99
224,Darjeeling,1.84
225,Darjeeling,2.54
226,Delhi,4.13
227,Darjeeling,2.18
228,Kathmandu,5.0
229,Delhi,3.4
230,Delhi,2.22
231,Darjeeling,4.0
232,Kathmandu,4.71
233,Darjeeling,1.12
234,Delhi,2.69
235,Delhi,1.94
236,Darjeeling,4.43
237,Darjeeling,3.98
238,Kathmandu,4.47
239,Kathmandu,4.21
240,Kathmandu,3.5
241,Delhi,3.45
242,Darjeeling,4.1
243,Delhi,4.42
244,Kathmandu,4.7
245,Kathmandu,2.57
246,Delhi,1.79
247,Darjeeling,2.74
248,Delhi,3.27
249,Kathmandu,4.89
250,Darjeeling,3.36
251,Kathmandu,4.64
252,Darjeeling,4.83
253,Kathmandu,4.67
254,Darjeeling,2.31
255,Kathmandu,3.37
256,Darjeeling,3.22
257,Kathmandu,2.2
258,Darjeeling,4.16
259,Kathmandu,4.68
260,Kathmandu,3.34
261,Kathmandu,4.11
262,Darjeeling,4.07
263,Darjeeling,1.47
264,Kathmandu,3.59
265,Darjeeling,4.98
266,Kathmandu,2.73
267,Kathmandu,4.69
268,Delhi,1.78
269,Delhi,4.76
270,Kathmandu,2.84
271,Delhi,1.0
272,Kathmandu,4.43
273,Delhi,3.35
274,Darjeeling,3.18
275,Delhi,2.95
276,Kathmandu,4.14
277,Kathmandu,2.03
278,Delhi,2.3
279,Kathmandu,3.81
280,Kathmandu,4.9
281,Delhi,2.4
282,Kathmandu,3.36
283,Delhi,2.5
284,Kathmandu,4.2
285,Darjeeling,2.98
286,Kathmandu,2.58
287,Darjeeling,2.9
288,Delhi,4.2
289,Delhi,3.18
290,Kathmandu,1.88
291,Darjeeling,2.86
292,Kathmandu,3.19
293,Kathmandu,3.14
294,Delhi,1.0
295,Kathmandu,4.8
296,Delhi,3.76
297,Delhi,1.91
298,Darjeeling,2.42
299,Delhi,2.9
300,Kathmandu,3.69
301,Darjeeling,3.72
302,Kathmandu,4.63
303,Darjeeling,3.41
304,Delhi,3.85
305,Kathmandu,3.66
306,Delhi,5.0
307,Kathmandu,2.8
308,Darjeeling,3.25
309,Delhi,2.48
310,Kathmandu,3.82
311,Darjeeling,2.54
312,Kathmandu,4.04
313,Delhi,3.3
314,Darjeeling,2.9
315,Kathmandu,4.15
316,Darjeeling,3.3
317,Darjeeling,4.0
318,Darjeeling,2.72
319,Delhi,2.3
320,Darjeeling,3.3
321,Kathmandu,4.67
322,Darjeeling,4.87
323,Darjeeling,2.58
324,Kathmandu,4.5
325,Kathmandu,2.76
326,Darjeeling,4.01
327,Delhi,2.5
328,Kathmandu,2.75
329,Kathmandu,4.37
330,Delhi,4.48
331,Delhi,2.21
332,Delhi,2.22
333,Delhi,2.41
334,Kathmandu,3.08
335,Kathmandu,1.14
336,Delhi,1.16
337,Kathmandu,2.33
338,Kathmandu,3.49
339,Darjeeling,4.66
340,Darjeeling,3.02
341,Delhi,3.09
342,Kathmandu,4.61
343,Darjeeling,3.21
344,Kathmandu,2.85
345,Darjeeling,3.52
346,Darjeeling,2.41
347,Darjeeling,4.11
348,Kathmandu,5.0
349,Delhi,2.48
350,Darjeeling,2.75
351,Darjeeling,2.94
352,Delhi,2.17
353,Kathmandu,3.6
354,Delhi,2.77
355,Darjeeling,4.52
356,Delhi,1.0
357,Darjeeling,2.68
358,Delhi,4.19
359,Kathmandu,3.95
360,Darjeeling,2.84
361,Darjeeling,3.22
362,Darjeeling,2.94
363,Delhi,2.68
364,Darjeeling,3.8
365,Delhi,3.74
366,Kathmandu,4.24
367,Kathmandu,3.52
368,Kathmandu,2.53
369,Delhi,3.63
370,Delhi,1.64
371,Kathmandu,4.17
372,Kathmandu,3.9
373,Delhi,3.47
374,Darjeeling,3.5
375,Darjeeling,3.26
376,Delhi,4.42
377,Delhi,1.92
378,Delhi,2.28
379,Kathmandu,3.6
380,Darjeeling,3.83
381,Kathmandu,3.95
382,Darjeeling,4.07
383,Kathmandu,3.23
384,Delhi,1.98
385,Delhi,3.28
386,Kathmandu,2.66
387,Kathmandu,4.42
388,Darjeeling,2.42
389,Darjeeling,3.06
390,Delhi,2.43
391,Delhi,3.72
392,Darjeeling,4.62
393,Darjeeling,3.28
394,Kathmandu,4.15
395,Kathmandu,2.66
396,Delhi,2.04
397,Darjeeling,3.14
398,Delhi,2.12
399,Darjeeling,2.48
400,Kathmandu,3.56
401,Kathmandu,3.97
402,Delhi,2.62
403,Delhi,2.93
404,Kathmandu,2.87
405,Delhi,3.99
406,Darjeeling,2.73
407,Darjeeling,2.79
408,Kathmandu,4.29
409,Delhi,4.21
410,Darjeeling,3.01
411,Darjeeling,3.24
412,Darjeeling,3.43
413,Delhi,4.73
414,Delhi,2.37
415,Delhi,3.25
416,Darjeeling,2.75
417,Darjeeling,4.8
418,Darjeeling,3.72
419,Delhi,2.27
420,Kathmandu,2.3
421,Delhi,2.57
422,Darjeeling,3.73
423,Kathmandu,2.11
424,Darjeeling,3.03
425,Kathmandu,3.69
426,Kathmandu,2.33
427,Kathmandu,3.48
428,Delhi,2.91
429,Darjeeling,3.75
430,Delhi,2.16
431,Kathmandu,4.23
432,Darjeeling,2.85
433,Darjeeling,1.62
434,Kathmandu,2.18
435,Darjeeling,2.91
436,Delhi,2.13
437,Darjeeling,4.19
438,Delhi,4.07
439,Delhi,2.31
440,Darjeeling,4.55
441,Kathmandu,4.73
442,Darjeeling,4.12
443,Delhi,4.41
444,Darjeeling,3.62
445,Delhi,2.26
446,Kathmandu,4.3
447,Kathmandu,2.25
448,Darjeeling,3.5
449,Delhi,3.07
450,Kathmandu,1.22
451,Darjeeling,4.15
452,Darjeeling,2.47
453,Delhi,3.34
454,Darjeeling,1.0
455,Kathmandu,1.3
456,Kathmandu,5.0
457,Kathmandu,4.11
458,Darjeeling,3.23
459,Kathmandu,3.75
460,Kathmandu,4.95
461,Kathmandu,4.28
462,Kathmandu,2.79
463,Kathmandu,4.27
464,Delhi,2.78
465,Delhi,4.02
466,Darjeeling,2.11
467,Darjeeling,2.97
468,Kathmandu,2.9
469,Delhi,1.96
470,Delhi,3.45
471,Delhi,4.68
472,Kathmandu,3.26
473,Delhi,1.46
474,Delhi,3.11
475,Delhi,2.41
476,Delhi,2.49
477,Darjeeling,3.58
478,Kathmandu,3.2
479,Delhi,4.36
480,Kathmandu,3.06
481,Kathmandu,4.31
482,Delhi,5.0
483,Delhi,1.87
484,Darjeeling,3.49
485,Delhi,3.0
486,Darjeeling,4.08
487,Delhi,2.09
488,Delhi,2.55
489,Darjeeling,2.41
490,Darjeeling,3.2
491,Kathmandu,3.97
492,Delhi,2.22
493,Darjeeling,3.44
494,Delhi,3.41
495,Kathmandu,4.34
496,Kathmandu,3.03
497,Kathmandu,2.92
498,Kathmandu,3.75
499,Delhi,2.93
500,Delhi,3.43
501,Darjeeling,4.79
502,Delhi,3.59
503,Darjeeling,3.18
504,Delhi,2.73
505,Delhi,3.68
506,Kathmandu,3.37
507,Delhi,1.1
508,Darjeeling,3.7
509,Kathmandu,4.35
510,Delhi,1.17
511,Kathmandu,4.77
512,Kathmandu,2.23
513,Delhi,2.39
514,Delhi,1.83
515,Kathmandu,2.26
516,Kathmandu,2.78
517,Darjeeling,3.18
518,Kathmandu,3.66
519,Darjeeling,4.96
520,Kathmandu,3.24
521,Delhi,1.0
522,Kathmandu,1.3
523,Kathmandu,3.34
524,Darjeeling,2.48
525,Kathmandu,2.74
526,Kathmandu,3.77
527,Delhi,4.0
528,Darjeeling,2.91
529,Darjeeling,3.57
530,Kathmandu,2.1
531,Kathmandu,2.36
532,Delhi,3.7
533,Darjeeling,4.16
534,Darjeeling,3.4
535,Darjeeling,4.04
536,Delhi,2.16
537,Darjeeling,3.46
538,Darjeeling,1.73
539,Delhi,1.91
540,Kathmandu,5.0
541,Delhi,2.05
542,Kathmandu,2.4
543,Kathmandu,3.46
544,Kathmandu,3.49
545,Delhi,3.53
546,Kathmandu,2.99
547,Darjeeling,2.63
548,Kathmandu,2.7
549,Delhi,1.88
550,Darjeeling,3.71
551,Kathmandu,2.41
552,Delhi,3.0
553,Kathmandu,3.48
554,Delhi,4.5
555,Darjeeling,3.16
556,Kathmandu,3.69
557,Darjeeling,4.24
558,Delhi,1.7
559,Delhi,2.29
560,Delhi,1.6
561,Kathmandu,2.77
562,Darjeeling,3.95
563,Delhi,2.27
564,Darjeeling,2.16
565,Darjeeling,1.85
566,Darjeeling,3.42
567,Kathmandu,2.67
568,Kathmandu,2.77
569,Kathmandu,3.47
570,Darjeeling,5.0
571,Kathmandu,3.84
572,Darjeeling,3.08
573,Delhi,2.05
574,Kathmandu,3.39
575,Kathmandu,4.8
576,Delhi,4.86
577,Kathmandu,3.99
578,Darjeeling,3.04
579,Darjeeling,2.42
580,Kathmandu,3.55
581,Darjeeling,5.0
582,Delhi,3.07
583,Delhi,3.34
584,Darjeeling,4.17
585,Kathmandu,2.44
586,Kathmandu,3.18
587,Delhi,1.73
588,Darjeeling,2.96
589,Delhi,2.41
590,Delhi,2.56
591,Darjeeling,3.42
592,Kathmandu,3.47
593,Kathmandu,2.6
594,Darjeeling,2.58
595,Kathmandu,5.0
596,Darjeeling,3.4
597,Darjeeling,3.7
598,Darjeeling,3.42
599,Darjeeling,5.0
600,Kathmandu,3.56
601,Delhi,3.48
602,Darjeeling,3.84
603,Darjeeling,3.09
604,Darjeeling,3.46
605,Delhi,2.22
606,Darjeeling,2.58
607,Delhi,2.45
608,Delhi,1.06
609,Darjeeling,3.32
610,Kathmandu,4.48
611,Delhi,2.94
612,Delhi,3.64
613,Darjeeling,4.21
614,Kathmandu,4.68
615,Delhi,3.29
616,Darjeeling,3.12
617,Kathmandu,4.38
618,Darjeeling,3.15
619,Darjeeling,3.17
620,Delhi,3.69
621,Kathmandu,4.78
622,Darjeeling,3.32
623,Darjeeling,3.51
624,Delhi,3.36
625,Darjeeling,2.36
626,Delhi,2.07
627,Kathmandu,4.02
628,Delhi,3.14
629,Darjeeling,2.46
630,Darjeeling,3.06
631,Kathmandu,4.32
632,Darjeeling,2.13
633,Darjeeling,2.36
634,Kathmandu,2.13
635,Delhi,3.23
636,Kathmandu,4.8
637,Darjeeling,3.47
638,Delhi,3.53
639,Kathmandu,3.63
640,Kathmandu,3.87
641,Kathmandu,4.38
642,Darjeeling,3.06
643,Delhi,4.09
644,Delhi,2.27
645,Kathmandu,3.2
646,Delhi,4.14
647,Kathmandu,3.96
648,Kathmandu,4.09
649,Darjeeling,3.57
650,Darjeeling,3.09
651,Kathmandu,4.77
652,Darjeeling,3.0
653,Kathmandu,2.3
654,Delhi,2.97
655,Darjeeling,3.14
656,Delhi,2.85
657,Kathmandu,3.32
658,Kathmandu,3.62
659,Kathmandu,3.22
660,Kathmandu,2.72
661,Kathmandu,3.73
662,Darjeeling,3.89
663,Darjeeling,4.21
664,Kathmandu,3.15
665,Kathmandu,2.78
666,Kathmandu,4.15
667,Kathmandu,3.82
668,Darjeeling,3.51
669,Kathmandu,3.19
670,Kathmandu,3.24
671,Kathmandu,3.35
672,Darjeeling,2.96
673,Darjeeling,2.4
674,Delhi,2.13
675,Delhi,3.0
676,Delhi,4.43
677,Delhi,3.65
678,Darjeeling,3.82
679,Delhi,4.21
680,Kathmandu,5.0
681,Delhi,2.06
682,Kathmandu,3.43
683,Kathmandu,3.66
684,Darjeeling,4.24
685,Delhi,1.83
686,Delhi,1.61
687,Darjeeling,2.92
688,Darjeeling,3.25
689,Darjeeling,3.82
690,Darjeeling,3.19
691,Kathmandu,3.91
692,Darjeeling,2.9
693,Delhi,2.64
694,Delhi,1.71
695,Delhi,2.77
696,Kathmandu,4.62
697,Delhi,3.0
698,Delhi,4.03
699,Darjeeling,3.65
700,Delhi,3.05
701,Delhi,3.89
702,Kathmandu,2.84
703,Delhi,2.19
704,Darjeeling,3.3
705,Kathmandu,3.48
706,Delhi,1.77
707,Kathmandu,2.86
708,Delhi,2.14
709,Darjeeling,3.38
710,Kathmandu,3.3
711,Kathmandu,3.56
712,Darjeeling,2.64
713,Kathmandu,3.94
714,Darjeeling,3.4
715,Delhi,1.46
716,Kathmandu,4.61
717,Darjeeling,2.19
718,Darjeeling,3.59
719,Delhi,2.45
720,Darjeeling,2.24
721,Darjeeling,3.77
722,Kathmandu,3.89
723,Kathmandu,3.53
724,Kathmandu,2.69
725,Kathmandu,4.21
726,Kathmandu,3.1
727,Kathmandu,4.02
728,Darjeeling,4.47
729,Darjeeling,1.87
730,Kathmandu,2.52
731,Darjeeling,3.34
732,Darjeeling,1.4
733,Darjeeling,3.74
734,Delhi,2.4
735,Delhi,2.05
736,Kathmandu,3.68
737,Darjeeling,4.18
738,Delhi,3.6
739,Kathmandu,3.94
740,Delhi,3.5
741,Delhi,3.65
742,Delhi,4.22
743,Delhi,3.85
744,Kathmandu,3.54
745,Kathmandu,4.19
746,Delhi,3.9
747,Delhi,2.67
748,Kathmandu,3.99
749,Kathmandu,5.0
750,Delhi,4.24
751,Darjeeling,3.4
752,Darjeeling,4.21
753,Kathmandu,2.79
754,Darjeeling,3.09
755,Kathmandu,3.03
756,Kathmandu,3.03
757,Delhi,3.35
758,Darjeeling,2.42
759,Kathmandu,3.64
760,Kathmandu,3.35
761,Kathmandu,4.69
762,Kathmandu,2.32
763,Kathmandu,4.33
764,Darjeeling,3.84
765,Kathmandu,3.47
766,Kathmandu,2.56
767,Delhi,3.86
768,Kathmandu,5.0
769,Delhi,2.03
770,Kathmandu,3.74
771,Kathmandu,2.99
772,Darjeeling,3.07
773,Delhi,3.62
774,Delhi,4.51
775,Delhi,1.97
776,Kathmandu,3.73
777,Kathmandu,1.8
778,Kathmandu,2.53
779,Kathmandu,4.36
780,Delhi,2.63
781,Darjeeling,3.5
782,Delhi,4.94
783,Darjeeling,1.86
784,Kathmandu,2.46
785,Kathmandu,2.01
786,Kathmandu,5.0
787,Kathmandu,1.99
788,Delhi,5.0
789,Kathmandu,3.81
790,Delhi,1.67
791,Kathmandu,1.79
792,Delhi,1.0
793,Delhi,2.36
794,Delhi,3.62
795,Delhi,4.9
796,Darjeeling,4.96
797,Delhi,2.94
798,Darjeeling,4.79
799,Darjeeling,3.53
800,Darjeeling,4.04
801,Delhi,2.5
802,Darjeeling,3.8
803,Delhi,3.19
804,Darjeeling,3.56
805,Darjeeling,4.59
806,Kathmandu,2.02
807,Kathmandu,3.44
808,Darjeeling,3.06
809,Delhi,3.34
810,Delhi,4.19
811,Delhi,2.01
812,Delhi,3.06
813,Darjeeling,2.99
814,Darjeeling,4.08
815,Darjeeling,2.21
816,Delhi,3.4
817,Kathmandu,3.91
818,Darjeeling,3.87
819,Kathmandu,2.59
820,Darjeeling,3.84
821,Delhi,1.75
822,Darjeeling,4.78
823,Delhi,3.91
824,Darjeeling,2.8
825,Kathmandu,1.97
826,Delhi,2.62
827,Darjeeling,3.13
828,Delhi,2.74
829,Kathmandu,1.28
830,Darjeeling,2.68
831,Delhi,3.12
832,Delhi,2.41
833,Darjeeling,2.07
834,Kathmandu,2.37
835,Kathmandu,3.11
836,Kathmandu,3.76
837,Darjeeling,2.42
838,Kathmandu,4.08
839,Delhi,2.36
840,Kathmandu,4.95
841,Darjeeling,2.6
842,Kathmandu,3.38
843,Delhi,2.86
844,Kathmandu,4.08
845,Darjeeling,4.09
846,Darjeeling,3.34
847,Delhi,4.04
848,Kathmandu,3.91
849,Kathmandu,2.21
850,Kathmandu,4.53
851,Darjeeling,2.4
852,Delhi,2.53
853,Kathmandu,5.0
854,Kathmandu,1.88
855,Kathmandu,3.06
856,Darjeeling,2.68
857,Kathmandu,1.74
858,Kathmandu,3.02
859,Kathmandu,3.17
860,Darjeeling,3.11
861,Darjeeling,4.33
862,Delhi,1.0
863,Delhi,2.16
864,Delhi,4.78
865,Delhi,3.69
866,Kathmandu,3.27
867,Darjeeling,5.0
868,Darjeeling,2.33
869,Kathmandu,3.12
870,Darjeeling,3.51
871,Delhi,4.36
872,Delhi,1.5
873,Darjeeling,3.21
874,Kathmandu,3.02
875,Darjeeling,3.62
876,Kathmandu,2.46
877,Kathmandu,1.81
878,Darjeeling,2.38
879,Darjeeling,2.28
880,Darjeeling,4.2
881,Kathmandu,2.27
882,Darjeeling,2.42
883,Darjeeling,4.04
884,Kathmandu,3.15
885,Kathmandu,3.41
886,Delhi,3.83
887,Delhi,1.98
888,Delhi,2.37
889,Kathmandu,3.14
890,Darjeeling,4.05
891,Delhi,2.38
892,Darjeeling,2.75
893,Darjeeling,4.02
894,Delhi,3.57
895,Kathmandu,4.6
896,Kathmandu,4.14
897,Kathmandu,3.56
898,Darjeeling,4.12
899,Kathmandu,4.54
900,Delhi,2.81
901,Delhi,4.92
902,Delhi,1.27
903,Darjeeling,2.85
904,Kathmandu,2.96
905,Delhi,3.16
906,Delhi,5.0
907,Darjeeling,4.02
908,Kathmandu,3.49
909,Darjeeling,3.23
910,Delhi,1.75
911,Kathmandu,3.98
912,Delhi,2.34
913,Kathmandu,4.86
914,Delhi,1.0
915,Darjeeling,2.9
916,Darjeeling,3.17
917,Darjeeling,5.0
918,Darjeeling,3.13
919,Darjeeling,2.72
920,Delhi,2.6
921,Delhi,1.0
922,Delhi,1.71
923,Kathmandu,3.7
924,Delhi,2.93
925,Darjeeling,3.0
926,Darjeeling,3.82
927,Kathmandu,3.8
928,Darjeeling,4.11
929,Darjeeling,3.09
930,Delhi,2.65
931,Darjeeling,3.43
932,Darjeeling,5.0
933,Darjeeling,2.61
934,Delhi,3.25
935,Delhi,4.2
936,Darjeeling,5.0
937,Delhi,1.22
938,Kathmandu,3.25
939,Delhi,3.22
940,Kathmandu,3.81
941,Delhi,3.23
942,Delhi,2.22
943,Kathmandu,2.51
944,Kathmandu,2.41
945,Delhi,5.0
946,Delhi,5.0
947,Darjeeling,2.08
948,Delhi,2.13
949,Kathmandu,3.07
950,Darjeeling,3.25
951,Darjeeling,2.53
952,Delhi,4.2
953,Kathmandu,4.57
954,Kathmandu,2.93
955,Delhi,2.3
956,Delhi,3.04
957,Kathmandu,2.93
958,Darjeeling,3.26
959,Darjeeling,4.35
960,Kathmandu,2.16
961,Delhi,3.49
962,Kathmandu,4.45
963,Darjeeling,4.25
964,Darjeeling,3.95
965,Delhi,2.49
966,Delhi,3.39
967,Kathmandu,3.13
968,Delhi,2.18
969,Delhi,3.16
970,Delhi,3.14
971,Darjeeling,4.51
972,Kathmandu,1.69
973,Delhi,2.45
974,Darjeeling,2.58
975,Darjeeling,3.79
976,Delhi,2.95
977,Darjeeling,4.75
978,Darjeeling,1.89
979,Kathmandu,2.52
980,Kathmandu,3.58
981,Delhi,5.0
982,Delhi,4.35
983,Kathmandu,5.0
984,Darjeeling,4.23
985,Kathmandu,3.37
986,Darjeeling,2.97
987,Darjeeling,1.09
988,Delhi,4.05
989,Kathmandu,3.59
990,Delhi,4.37
991,Kathmandu,2.96
992,Delhi,3.27
993,Kathmandu,3.66
994,Kathmandu,2.87
995,Kathmandu,3.43
996,Kathmandu,4.36
997,Darjeeling,3.88
998,Kathmandu,2.34
999,Darjeeling,2.13
1000,Delhi,3.31
1001,Kathmandu,2.67
1002,Delhi,2.53
1003,Kathmandu,3.62
1004,Kathmandu,2.15
1005,Kathmandu,2.37
1006,Kathmandu,4.05
1007,Delhi,5.0
1008,Darjeeling,3.04
1009,Darjeeling,2.66
1010,Darjeeling,4.03
1011,Kathmandu,2.71
1012,Kathmandu,3.55
1013,Darjeeling,2.29
1014,Delhi,2.36
1015,Kathmandu,3.97
1016,Delhi,4.0
1017,Delhi,3.71
1018,Darjeeling,3.02
1019,Delhi,3.98
1020,Darjeeling,3.17
1021,Kathmandu,2.82
1022,Kathmandu,3.52
1023,Kathmandu,3.89
1024,Kathmandu,3.31
1025,Kathmandu,2.84
1026,Kathmandu,4.85
1027,Kathmandu,3.41
1028,Darjeeling,3.38
1029,Kathmandu,4.14
1030,Kathmandu,4.06
1031,Darjeeling,3.17
1032,Kathmandu,3.34
1033,Delhi,3.01
1034,Darjeeling,3.36
1035,Kathmandu,3.84
1036,Delhi,2.11
1037,Kathmandu,4.21
1038,Kathmandu,4.35
1039,Kathmandu,3.59
1040,Delhi,2.17
1041,Kathmandu,3.18
1042,Kathmandu,4.46
1043,Delhi,3.42
1044,Darjeeling,3.54
1045,Delhi,3.96
1046,Kathmandu,4.12
1047,Kathmandu,3.91
1048,Darjeeling,2.87
1049,Darjeeling,3.78
1050,Darjeeling,4.13
1051,Kathmandu,3.61
1052,Darjeeling,3.77
1053,Delhi,2.85
1054,Kathmandu,5.0
1055,Darjeeling,3.32
1056,Kathmandu,3.16
1057,Kathmandu,2.95
1058,Kathmandu,4.35
1059,Kathmandu,4.06
1060,Delhi,3.99
1061,Delhi,3.29
1062,Delhi,1.51
1063,Delhi,2.63
1064,Kathmandu,1.92
1065,Darjeeling,3.43
1066,Delhi,4.47
1067,Kathmandu,4.4
1068,Kathmandu,1.75
1069,Darjeeling,3.85
1070,Kathmandu,4.38
1071,Darjeeling,1.2
1072,Darjeeling,3.72
1073,Kathmandu,3.51
1074,Kathmandu,2.81
1075,Darjeeling,3.71
1076,Darjeeling,5.0
1077,Kathmandu,3.18
1078,Darjeeling,3.52
1079,Kathmandu,2.85
1080,Darjeeling,3.82
1081,Delhi,4.94
1082,Delhi,3.97
1083,Kathmandu,4.02
1084,Kathmandu,2.99
1085,Delhi,3.64
1086,Delhi,5.0
1087,Darjeeling,2.65
1088,Delhi,1.88
1089,Darjeeling,3.3
1090,Delhi,1.7
1091,Kathmandu,2.79
1092,Darjeeling,3.59
1093,Kathmandu,4.38
1094,Delhi,3.63
1095,Delhi,2.17
1096,Darjeeling,3.08
1097,Kathmandu,2.42
1098,Darjeeling,1.66
1099,Delhi,3.14
1100,Darjeeling,3.63
1101,Darjeeling,1.43
1102,Darjeeling,3.46
1103,Delhi,1.87
1104,Kathmandu,2.74
1105,Darjeeling,3.69
1106,Kathmandu,2.74
1107,Delhi,2.71
1108,Darjeeling,3.15
1109,Delhi,2.25
1110,Delhi,2.85
1111,Darjeeling,3.84
1112,Darjeeling,3.83
1113,Kathmandu,3.43
1114,Darjeeling,2.44
1115,Kathmandu,3.43
1116,Darjeeling,4.11
1117,Delhi,4.28
1118,Darjeeling,3.21
1119,Delhi,1.42
1120,Delhi,2.8
1121,Darjeeling,2.7
1122,Delhi,2.7
1123,Delhi,3.35
1124,Delhi,4.52
1125,Kathmandu,2.9
1126,Kathmandu,2.96
1127,Kathmandu,3.16
1128,Delhi,3.73
1129,Kathmandu,3.96
1130,Delhi,2.08
1131,Kathmandu,1.94
1132,Delhi,1.0
1133,Darjeeling,3.82
1134,Delhi,2.26
1135,Delhi,1.0
1136,Darjeeling,3.02
1137,Delhi,2.35
1138,Darjeeling,4.29
1139,Kathmandu,3.45
1140,Darjeeling,2.26
1141,Darjeeling,4.16
1142,Darjeeling,2.9
1143,Kathmandu,3.45
1144,Delhi,2.16
1145,Darjeeling,3.37
1146,Kathmandu,2.99
1147,Kathmandu,3.32
1148,Kathmandu,4.93
1149,Delhi,2.65
1150,Darjeeling,3.62
1151,Kathmandu,5.0
1152,Delhi,2.74
1153,Darjeeling,3.61
1154,Delhi,2.51
1155,Kathmandu,2.04
1156,Kathmandu,4.3
1157,Darjeeling,3.35
1158,Delhi,5.0
1159,Darjeeling,3.59
1160,Delhi,3.71
1161,Delhi,2.19
1162,Delhi,3.05
1163,Darjeeling,1.94
1164,Kathmandu,2.42
1165,Kathmandu,4.51
1166,Darjeeling,4.19
1167,Kathmandu,4.18
1168,Darjeeling,3.1
1169,Kathmandu,4.32
1170,Darjeeling,3.53
1171,Kathmandu,2.27
1172,Kathmandu,2.88
1173,Darjeeling,2.35
1174,Kathmandu,3.74
1175,Delhi,2.07
1176,Delhi,3.28
1177,Kathmandu,3.94
1178,Kathmandu,5.0
1179,Kathmandu,4.64
1180,Kathmandu,3.29
1181,Kathmandu,3.22
1182,Delhi,2.54
1183,Darjeeling,3.0
1184,Delhi,3.27
1185,Darjeeling,2.65
1186,Delhi,4.01
1187,Delhi,5.0
1188,Kathmandu,3.82
1189,Delhi,4.98
1190,Delhi,4.15
1191,Delhi,3.1
1192,Kathmandu,4.25
1193,Darjeeling,3.12
1194,Delhi,4.65
1195,Kathmandu,3.13
1196,Delhi,3.08
1197,Delhi,1.24
1198,Darjeeling,3.19
1199,Kathmandu,1.63
1200,Darjeeling,3.34
1201,Kathmandu,4.13
1202,Darjeeling,2.98
1203,Darjeeling,2.12
1204,Darjeeling,5.0
1205,Darjeeling,2.48
1206,Kathmandu,3.23
1207,Darjeeling,2.53
1208,Kathmandu,4.12
1209,Kathmandu,3.16
1210,Delhi,2.1
1211,Delhi,3.51
1212,Darjeeling,3.54
1213,Delhi,2.3
1214,Darjeeling,2.05
1215,Darjeeling,4.05
1216,Delhi,2.85
1217,Delhi,4.1
1218,Delhi,3.55
1219,Darjeeling,4.48
1220,Delhi,2.46
1221,Kathmandu,5.0
1222,Darjeeling,1.25
1223,Darjeeling,5.0
1224,Darjeeling,3.34
1225,Darjeeling,3.15
1226,Delhi,3.22
1227,Darjeeling,3.69
1228,Darjeeling,2.74
1229,Kathmandu,3.93
1230,Kathmandu,3.89
1231,Darjeeling,3.07
1232,Delhi,3.21
1233,Kathmandu,3.7
1234,Darjeeling,4.15
1235,Darjeeling,3.9
1236,Kathmandu,3.04
1237,Delhi,3.61
1238,Kathmandu,3.44
1239,Darjeeling,2.21
1240,Delhi,2.99
1241,Darjeeling,2.76
1242,Darjeeling,3.53
1243,Kathmandu,3.69
1244,Darjeeling,3.84
1245,Darjeeling,3.54
1246,Delhi,4.02
1247,Delhi,2.7
1248,Delhi,2.52
1249,Kathmandu,3.73
1250,Kathmandu,2.93
1251,Kathmandu,5.0
1252,Delhi,3.12
1253,Kathmandu,5.0
1254,Darjeeling,2.91
1255,Darjeeling,3.74
1256,Darjeeling,3.2
1257,Darjeeling,3.07
1258,Darjeeling,4.35
1259,Darjeeling,3.01
1260,Delhi,2.86
1261,Delhi,1.38
1262,Delhi,5.0
1263,Delhi,3.01
1264,Delhi,3.57
1265,Delhi,2.77
1266,Kathmandu,3.31
1267,Delhi,3.12
1268,Darjeeling,3.77
1269,Kathmandu,2.38
1270,Darjeeling,3.87
1271,Kathmandu,3.66
1272,Darjeeling,3.57
1273,Delhi,2.4
1274,Darjeeling,2.39
1275,Darjeeling,3.16
1276,Delhi,4.82
1277,Darjeeling,3.41
1278,Kathmandu,3.03
1279,Kathmandu,5.0
1280,Kathmandu,4.0
1281,Delhi,1.0
1282,Kathmandu,2.12
1283,Kathmandu,4.68
1284,Delhi,4.67
1285,Kathmandu,1.44
1286,Darjeeling,4.17
1287,Delhi,3.14
1288,Darjeeling,2.89
1289,Darjeeling,2.33
1290,Darjeeling,3.15
1291,Delhi,1.03
1292,Darjeeling,3.73
1293,Kathmandu,3.18
1294,Kathmandu,2.17
1295,Delhi,2.44
1296,Kathmandu,4.21
1297,Darjeeling,1.96
1298,Darjeeling,3.93
1299,Darjeeling,3.01
1300,Kathmandu,4.92
1301,Delhi,2.17
1302,Darjeeling,2.83
1303,Delhi,1.0
1304,Kathmandu,2.52
1305,Delhi,1.28
1306,Delhi,3.35
1307,Kathmandu,3.48
1308,Darjeeling,3.33
1309,Darjeeling,2.41
1310,Delhi,1.04
1311,Darjeeling,3.03
1312,Delhi,5.0
1313,Delhi,2.64
1314,Delhi,2.48
1315,Delhi,5.0
1316,Kathmandu,3.77
1317,Kathmandu,2.63
1318,Darjeeling,4.71
1319,Kathmandu,3.39
1320,Delhi,3.99
1321,Kathmandu,4.68
1322,Delhi,4.7
1323,Darjeeling,3.38
1324,Darjeeling,3.95
1325,Delhi,5.0
1326,Kathmandu,1.91
1327,Delhi,2.79
1328,Kathmandu,3.49
1329,Darjeeling,3.11
1330,Delhi,3.42
1331,Delhi,1.51
1332,Delhi,3.19
1333,Kathmandu,3.36
1334,Delhi,4.22
1335,Darjeeling,3.75
1336,Kathmandu,2.13
1337,Kathmandu,3.36
1338,Darjeeling,3.07
1339,Darjeeling,3.37
1340,Delhi,2.11
1341,Delhi,1.0
1342,Delhi,2.36
1343,Delhi,3.75
1344,Darjeeling,4.99
1345,Delhi,4.79
1346,Delhi,3.63
1347,Delhi,2.9
1348,Kathmandu,3.66
1349,Darjeeling,4.05
1350,Kathmandu,3.52
1351,Kathmandu,4.47
1352,Darjeeling,2.44
1353,Delhi,2.09
1354,Kathmandu,2.0
1355,Delhi,3.04
1356,Darjeeling,3.82
1357,Darjeeling,2.83
1358,Darjeeling,3.76
1359,Delhi,2.97
1360,Darjeeling,3.13
1361,Darjeeling,2.4
1362,Darjeeling,2.88
1363,Darjeeling,3.09
1364,Kathmandu,3.61
1365,Kathmandu,2.08
1366,Delhi,1.66
1367,Kathmandu,1.43
1368,Delhi,2.53
1369,Darjeeling,3.31
1370,Kathmandu,3.69
1371,Delhi,3.15
1372,Delhi,2.38
1373,Delhi,2.86
1374,Darjeeling,4.21
1375,Kathmandu,4.53
1376,Darjeeling,3.72
1377,Darjeeling,4.5
1378,Darjeeling,3.37
1379,Delhi,5.0
1380,Kathmandu,5.0
1381,Kathmandu,4.34
1382,Delhi,1.08
1383,Kathmandu,4.36
1384,Kathmandu,3.03
1385,Darjeeling,2.96
1386,Darjeeling,3.62
1387,Delhi,1.0
1388,Kathmandu,1.77
1389,Kathmandu,4.02
1390,Delhi,2.22
1391,Kathmandu,1.99
1392,Delhi,3.6
1393,Kathmandu,3.74
1394,Kathmandu,2.18
1395,Darjeeling,3.62
1396,Kathmandu,3.44
1397,Darjeeling,3.32
1398,Darjeeling,4.77
1399,Kathmandu,3.69
1400,Kathmandu,1.7
1401,Delhi,4.21
1402,Darjeeling,3.42
1403,Darjeeling,3.23
1404,Darjeeling,3.14
1405,Delhi,2.28
1406,Delhi,3.91
1407,Delhi,3.51
1408,Delhi,4.39
1409,Kathmandu,4.51
1410,Darjeeling,2.72
1411,Delhi,3.55
1412,Delhi,1.0
1413,Kathmandu,3.74
1414,Kathmandu,2.75
1415,Delhi,3.19
1416,Kathmandu,4.28
1417,Delhi,2.47
1418,Kathmandu,4.04
1419,Kathmandu,4.11
1420,Delhi,3.62
1421,Delhi,2.41
1422,Kathmandu,3.49
1423,Darjeeling,4.05
1424,Delhi,4.07
1425,Kathmandu,4.4
1426,Delhi,2.99
1427,Darjeeling,3.53
1428,Kathmandu,4.62
1429,Darjeeling,4.73
1430,Darjeeling,4.17
1431,Delhi,3.61
1432,Darjeeling,5.0
1433,Delhi,5.0
1434,Delhi,1.48
1435,Kathmandu,3.51
1436,Darjeeling,4.51
1437,Darjeeling,3.01
1438,Darjeeling,2.72
1439,Darjeeling,2.71
1440,Delhi,2.56
1441,Delhi,1.55
1442,Delhi,2.41
1443,Kathmandu,3.9
1444,Darjeeling,4.14
1445,Darjeeling,3.69
1446,Kathmandu,2.46
1447,Kathmandu,3.58
1448,Kathmandu,3.28
1449,Delhi,2.92
1450,Kathmandu,2.63
1451,Kathmandu,4.33
1452,Kathmandu,2.76
1453,Darjeeling,3.16
1454,Kathmandu,3.38
1455,Darjeeling,3.31
1456,Kathmandu,5.0
1457,Darjeeling,3.41
1458,Kathmandu,3.37
1459,Darjeeling,2.21
1460,Darjeeling,1.55
1461,Delhi,2.29
1462,Kathmandu,3.78
1463,Kathmandu,4.74
1464,Kathmandu,2.16
1465,Darjeeling,2.69
1466,Darjeeling,3.05
1467,Kathmandu,3.49
1468,Kathmandu,3.71
1469,Darjeeling,3.71
1470,Kathmandu,3.74
1471,Darjeeling,2.03
1472,Darjeeling,2.81
1473,Kathmandu,4.09
1474,Delhi,3.38
1475,Kathmandu,4.66
1476,Kathmandu,4.42
1477,Kathmandu,2.57
1478,Delhi,3.64
1479,Kathmandu,3.44
1480,Delhi,3.19
1481,Kathmandu,3.04
1482,Darjeeling,4.51
1483,Delhi,3.4
1484,Delhi,3.29
1485,Darjeeling,3.31
1486,Delhi,4.6
1487,Darjeeling,1.62
1488,Darjeeling,2.48
1489,Delhi,1.75
1490,Kathmandu,3.31
1491,Kathmandu,3.85
1492,Delhi,3.82
1493,Delhi,2.93
1494,Darjeeling,3.5
1495,Delhi,2.35
1496,Delhi,2.44
1497,Darjeeling,4.76
1498,Darjeeling,4.37
1499,Darjeeling,3.88
1500,Kathmandu,2.38
1501,Kathmandu,3.49
1502,Kathmandu,3.51
1503,Kathmandu,3.89
1504,Delhi,1.17
1505,Delhi,2.1
1506,Delhi,4.13
1507,Kathmandu,5.0
1508,Darjeeling,2.66
1509,Darjeeling,3.3
1510,Delhi,2.95
1511,Darjeeling,3.47
1512,Kathmandu,4.02
1513,Darjeeling,3.18
1514,Darjeeling,2.45
1515,Darjeeling,4.52
1516,Delhi,3.87
1517,Kathmandu,4.04
1518,Kathmandu,4.84
1519,Kathmandu,3.08
1520,Darjeeling,3.37
1521,Kathmandu,3.54
1522,Darjeeling,1.74
1523,Darjeeling,1.7
1524,Kathmandu,3.65
1525,Darjeeling,3.29
1526,Darjeeling,2.16
1527,Kathmandu,2.41
1528,Kathmandu,3.59
1529,Darjeeling,2.91
1530,Darjeeling,3.63
1531,Delhi,3.47
1532,Kathmandu,3.24
1533,Darjeeling,4.29
1534,Kathmandu,2.66
1535,Darjeeling,4.1
1536,Darjeeling,3.23
1537,Kathmandu,2.92
1538,Darjeeling,2.84
1539,Kathmandu,3.52
1540,Kathmandu,3.46
1541,Delhi,1.08
1542,Darjeeling,2.96
1543,Kathmandu,4.38
1544,Kathmandu,3.34
1545,Kathmandu,3.32
1546,Darjeeling,3.74
1547,Darjeeling,2.76
1548,Delhi,2.85
1549,Darjeeling,3.33
1550,Darjeeling,2.51
1551,Delhi,1.52
1552,Delhi,2.55
1553,Kathmandu,3.79
1554,Kathmandu,2.65
1555,Delhi,4.13
1556,Delhi,4.08
1557,Darjeeling,3.94
1558,Darjeeling,2.49
1559,Delhi,3.19
1560,Darjeeling,3.01
1561,Kathmandu,5.0
1562,Delhi,3.53
1563,Darjeeling,2.84
1564,Darjeeling,3.22
1565,Delhi,2.37
1566,Kathmandu,3.54
1567,Kathmandu,2.78
1568,Darjeeling,2.04
1569,Kathmandu,3.89
1570,Kathmandu,2.75
1571,Darjeeling,2.22
1572,Kathmandu,2.26
1573,Darjeeling,3.54
1574,Delhi,3.08
1575,Darjeeling,3.29
1576,Darjeeling,2.99
1577,Delhi,2.51
1578,Kathmandu,4.26
1579,Kathmandu,3.58
1580,Delhi,5.0
1581,Kathmandu,3.9
1582,Delhi,4.49
1583,Kathmandu,4.42
1584,Delhi,4.51
1585,Darjeeling,3.08
1586,Delhi,4.03
1587,Kathmandu,3.02
1588,Darjeeling,3.78
1589,Darjeeling,4.71
1590,Delhi,3.79
1591,Delhi,1.63
1592,Kathmandu,2.9
1593,Darjeeling,3.63
1594,Delhi,1.23
1595,Kathmandu,2.34
1596,Darjeeling,2.31
1597,Darjeeling,2.78
1598,Kathmandu,3.83
1599,Darjeeling,3.56
1600,Kathmandu,2.97
1601,Kathmandu,2.88
1602,Darjeeling,2.88
1603,Delhi,2.51
1604,Darjeeling,3.28
1605,Kathmandu,5.0
1606,Darjeeling,2.87
1607,Delhi,2.47
1608,Kathmandu,3.19
1609,Kathmandu,2.97
1610,Darjeeling,4.02
1611,Delhi,1.73
1612,Darjeeling,2.74
1613,Darjeeling,3.57
1614,Kathmandu,2.83
1615,Delhi,3.67
1616,Darjeeling,2.12
1617,Delhi,3.8
1618,Delhi,3.28
1619,Delhi,3.65
1620,Kathmandu,1.73
1621,Delhi,2.93
1622,Kathmandu,4.96
1623,Darjeeling,1.74
1624,Kathmandu,3.73
1625,Delhi,3.72
1626,Kathmandu,3.42
1627,Darjeeling,2.99
1628,Kathmandu,3.06
1629,Darjeeling,4.26
1630,Delhi,4.25
1631,Darjeeling,3.31
1632,Darjeeling,3.18
1633,Delhi,3.76
1634,Delhi,3.68
1635,Delhi,2.48
1636,Kathmandu,4.83
1637,Delhi,2.19
1638,Kathmandu,4.63
1639,Kathmandu,3.76
1640,Delhi,4.05
1641,Kathmandu,4.01
1642,Delhi,2.75
1643,Kathmandu,4.23
1644,Delhi,5.0
1645,Kathmandu,1.15
1646,Kathmandu,3.67
1647,Darjeeling,3.49
1648,Delhi,3.83
1649,Delhi,1.15
1650,Kathmandu,3.02
1651,Darjeeling,3.11
1652,Delhi,3.27
1653,Darjeeling,3.7
1654,Kathmandu,5.0
1655,Darjeeling,1.83
1656,Darjeeling,3.41
1657,Darjeeling,3.45
1658,Delhi,3.13
1659,Delhi,4.23
1660,Kathmandu,4.34
1661,Delhi,3.16
1662,Darjeeling,3.25
1663,Delhi,3.44
1664,Delhi,2.41
1665,Delhi,2.09
1666,Darjeeling,2.15
1667,Delhi,1.69
1668,Darjeeling,3.11
1669,Kathmandu,4.59
1670,Delhi,1.69
1671,Delhi,3.69
1672,Delhi,1.0
1673,Kathmandu,4.15
1674,Delhi,4.52
1675,Kathmandu,2.2
1676,Kathmandu,3.37
1677,Kathmandu,4.28
1678,Delhi,2.02
1679,Kathmandu,2.69
1680,Delhi,4.0
1681,Delhi,3.93
1682,Kathmandu,2.04
1683,Darjeeling,2.74
1684,Kathmandu,3.56
1685,Delhi,3.67
1686,Delhi,4.4
1687,Kathmandu,2.29
1688,Delhi,5.0
1689,Darjeeling,2.43
1690,Darjeeling,4.03
1691,Kathmandu,4.21
1692,Darjeeling,2.0
1693,Delhi,5.0
1694,Delhi,2.72
1695,Delhi,3.35
1696,Kathmandu,3.76
1697,Delhi,2.18
1698,Kathmandu,2.88
1699,Darjeeling,3.25
1700,Delhi,1.68
1701,Darjeeling,3.18
1702,Darjeeling,2.96
1703,Kathmandu,3.16
1704,Kathmandu,3.28
1705,Kathmandu,3.64
1706,Delhi,1.0
1707,Delhi,2.65
1708,Kathmandu,3.77
1709,Delhi,2.83
1710,Delhi,3.59
1711,Delhi,2.26
1712,Kathmandu,2.9
1713,Darjeeling,2.3
1714,Kathmandu,3.18
1715,Darjeeling,2.8
1716,Kathmandu,3.95
1717,Kathmandu,3.71
1718,Darjeeling,5.0
1719,Darjeeling,1.91
1720,Kathmandu,3.8
1721,Delhi,4.3
1722,Delhi,4.16
1723,Darjeeling,2.64
1724,Darjeeling,2.61
1725,Delhi,2.77
1726,Kathmandu,2.83
1727,Delhi,3.06
1728,Darjeeling,5.0
1729,Darjeeling,2.45
1730,Kathmandu,4.08
1731,Kathmandu,4.81
1732,Delhi,1.72
1733,Delhi,2.34
1734,Kathmandu,3.25
1735,Darjeeling,3.97
1736,Darjeeling,3.59
1737,Delhi,3.45
1738,Kathmandu,3.32
1739,Darjeeling,4.19
1740,Kathmandu,3.35
1741,Delhi,2.57
1742,Darjeeling,2.46
1743,Delhi,3.94
1744,Delhi,4.28
1745,Darjeeling,4.07
1746,Darjeeling,3.57
1747,Kathmandu,4.0
1748,Kathmandu,3.11
1749,Darjeeling,3.63
1750,Darjeeling,3.91
1751,Kathmandu,2.46
1752,Kathmandu,4.64
1753,Darjeeling,3.75
1754,Delhi,2.86
1755,Kathmandu,2.43
1756,Delhi,1.88
1757,Darjeeling,3.73
1758,Kathmandu,3.41
1759,Delhi,2.19
1760,Delhi,5.0
1761,Delhi,4.32
1762,Darjeeling,2.85
1763,Delhi,2.07
1764,Kathmandu,3.19
1765,Darjeeling,3.75
1766,Darjeeling,2.35
1767,Darjeeling,4.28
1768,Darjeeling,4.01
1769,Kathmandu,4.01
1770,Kathmandu,2.83
1771,Kathmandu,2.36
1772,Kathmandu,4.07
1773,Kathmandu,4.45
1774,Kathmandu,1.97
1775,Delhi,5.0
1776,Darjeeling,2.8
1777,Delhi,3.96
1778,Kathmandu,2.9
1779,Kathmandu,3.64
1780,Kathmandu,2.99
1781,Kathmandu,5.0
1782,Darjeeling,1.65
1783,Delhi,2.25
1784,Darjeeling,3.98
1785,Kathmandu,3.85
1786,Kathmandu,4.9
1787,Delhi,2.99
1788,Kathmandu,5.0
1789,Darjeeling,2.58
1790,Kathmandu,4.83
1791,Kathmandu,4.52
1792,Delhi,1.74
1793,Delhi,3.91
1794,Delhi,2.44
1795,Kathmandu,2.54
1796,Delhi,3.38
1797,Delhi,3.48
1798,Darjeeling,5.0
1799,Delhi,3.67
1800,Delhi,3.15
1801,Delhi,2.85
1802,Delhi,4.15
1803,Kathmandu,1.93
1804,Darjeeling,3.0
1805,Darjeeling,4.54
1806,Delhi,1.63
1807,Kathmandu,5.0
1808,Kathmandu,2.19
1809,Delhi,2.66
1810,Darjeeling,3.05
1811,Kathmandu,3.29
1812,Kathmandu,3.36
1813,Darjeeling,3.19
1814,Darjeeling,2.03
1815,Kathmandu,3.91
1816,Kathmandu,3.13
1817,Kathmandu,2.85
1818,Kathmandu,4.39
1819,Kathmandu,4.18
1820,Kathmandu,3.72
1821,Kathmandu,1.74
1822,Delhi,3.79
1823,Kathmandu,3.03
1824,Delhi,3.78
1825,Darjeeling,3.67
1826,Delhi,3.24
1827,Kathmandu,2.61
1828,Delhi,1.0
1829,Darjeeling,2.59
1830,Darjeeling,2.9
1831,Darjeeling,4.21
1832,Delhi,2.48
1833,Kathmandu,4.26
1834,Kathmandu,2.74
1835,Kathmandu,2.59
1836,Darjeeling,2.84
1837,Darjeeling,2.85
1838,Delhi,4.45
1839,Delhi,1.6
1840,Delhi,3.47
1841,Kathmandu,2.56
1842,Kathmandu,3.71
1843,Darjeeling,2.79
1844,Darjeeling,2.61
1845,Kathmandu,2.9
1846,Delhi,3.11
1847,Delhi,2.84
1848,Kathmandu,3.62
1849,Kathmandu,4.48
1850,Darjeeling,3.23
1851,Delhi,3.01
1852,Kathmandu,4.52
1853,Delhi,4.11
1854,Delhi,3.44
1855,Delhi,2.14
1856,Darjeeling,3.11
1857,Delhi,3.56
1858,Kathmandu,3.58
1859,Delhi,4.01
1860,Darjeeling,2.55
1861,Kathmandu,2.77
1862,Darjeeling,4.13
1863,Darjeeling,3.61
1864,Delhi,2.7
1865,Kathmandu,3.94
1866,Delhi,1.76
1867,Kathmandu,3.49
1868,Darjeeling,2.31
1869,Darjeeling,3.9
1870,Kathmandu,3.19
1871,Delhi,2.49
1872,Darjeeling,2.73
1873,Darjeeling,3.91
1874,Kathmandu,5.0
1875,Delhi,4.34
1876,Darjeeling,4.04
1877,Darjeeling,3.13
1878,Delhi,5.0
1879,Darjeeling,3.43
1880,Darjeeling,4.17
1881,Delhi,4.23
1882,Kathmandu,4.28
1883,Darjeeling,2.94
1884,Kathmandu,3.74
1885,Darjeeling,4.37
1886,Delhi,1.6
1887,Delhi,2.91
1888,Kathmandu,2.02
1889,Delhi,5.0
1890,Darjeeling,2.32
1891,Delhi,2.09
1892,Darjeeling,1.75
1893,Delhi,1.87
1894,Kathmandu,2.64
1895,Darjeeling,5.0
1896,Kathmandu,2.8
1897,Delhi,2.21
1898,Kathmandu,2.17
1899,Delhi,4.4
1900,Delhi,1.49
1901,Darjeeling,2.68
1902,Delhi,4.18
1903,Delhi,4.02
1904,Delhi,1.66
1905,Darjeeling,2.92
1906,Darjeeling,1.99
1907,Darjeeling,5.0
1908,Darjeeling,2.28
1909,Darjeeling,3.12
1910,Kathmandu,3.11
1911,Darjeeling,3.35
1912,Delhi,2.24
1913,Darjeeling,3.54
1914,Darjeeling,1.93
1915,Darjeeling,2.83
1916,Kathmandu,2.26
1917,Kathmandu,2.32
1918,Delhi,2.34
1919,Darjeeling,3.68
1920,Delhi,1.06
1921,Darjeeling,3.0
1922,Delhi,4.86
1923,Delhi,1.36
1924,Delhi,4.12
1925,Darjeeling,1.61
1926,Delhi,2.98
1927,Darjeeling,5.0
1928,Delhi,2.06
1929,Delhi,4.87
1930,Kathmandu,2.54
1931,Darjeeling,3.0
1932,Kathmandu,3.9
1933,Kathmandu,3.56
1934,Darjeeling,3.12
1935,Kathmandu,3.43
1936,Darjeeling,3.73
1937,Darjeeling,4.53
1938,Darjeeling,3.06
1939,Kathmandu,3.68
1940,Kathmandu,3.51
1941,Delhi,4.48
1942,Darjeeling,3.59
1943,Darjeeling,3.58
1944,Delhi,1.86
1945,Kathmandu,3.14
1946,Darjeeling,3.97
1947,Darjeeling,4.19
1948,Kathmandu,3.54
1949,Kathmandu,3.48
1950,Kathmandu,4.45
1951,Delhi,2.8
1952,Delhi,3.62
1953,Kathmandu,3.2
1954,Delhi,4.05
1955,Darjeeling,3.86
1956,Darjeeling,4.75
1957,Kathmandu,3.83
1958,Kathmandu,3.87
1959,Darjeeling,2.45
1960,Darjeeling,4.9
1961,Darjeeling,2.85
1962,Delhi,1.39
1963,Delhi,3.16
1964,Darjeeling,3.56
1965,Darjeeling,3.18
1966,Kathmandu,3.46
1967,Darjeeling,4.04
1968,Delhi,3.64
1969,Kathmandu,3.57
1970,Delhi,3.6
1971,Kathmandu,3.99
1972,Darjeeling,3.51
1973,Darjeeling,2.35
1974,Delhi,2.55
1975,Kathmandu,4.19
1976,Kathmandu,3.1
1977,Delhi,5.0
1978,Kathmandu,3.18
1979,Kathmandu,4.8
1980,Delhi,3.11
1981,Darjeeling,2.77
1982,Kathmandu,2.86
1983,Kathmandu,3.48
1984,Kathmandu,2.83
1985,Delhi,2.19
1986,Darjeeling,4.23
1987,Darjeeling,3.78
1988,Darjeeling,3.07
1989,Delhi,4.97
1990,Kathmandu,2.15
1991,Kathmandu,1.7
1992,Darjeeling,4.2
1993,Darjeeling,4.34
1994,Kathmandu,4.73
1995,Delhi,2.57
1996,Delhi,2.44
1997,Delhi,2.23
1998,Kathmandu,3.11
1999,Delhi,5.0
2000,Delhi,2.02
2001,Kathmandu,2.34
2002,Darjeeling,3.17
2003,Delhi,1.81
2004,Kathmandu,3.89
2005,Darjeeling,3.03
2006,Darjeeling,2.92
2007,Delhi,2.12
2008,Kathmandu,2.55
2009,Delhi,2.77
2010,Darjeeling,3.91
2011,Darjeeling,3.5
2012,Kathmandu,3.43
2013,Delhi,2.67
2014,Delhi,3.78
2015,Kathmandu,3.25
2016,Kathmandu,5.0
2017,Darjeeling,3.45
2018,Kathmandu,2.7
2019,Darjeeling,2.4
2020,Kathmandu,3.72
2021,Kathmandu,4.65
2022,Delhi,3.46
2023,Delhi,2.67
2024,Delhi,2.96
2025,Delhi,1.64
2026,Kathmandu,4.15
2027,Delhi,3.81
2028,Delhi,3.61
2029,Darjeeling,2.45
2030,Kathmandu,3.4
2031,Delhi,1.05
2032,Kathmandu,3.72
2033,Delhi,3.5
2034,Darjeeling,4.25
2035,Darjeeling,3.09
2036,Kathmandu,3.0
2037,Delhi,1.48
2038,Darjeeling,3.75
2039,Kathmandu,3.42
2040,Delhi,2.27
2041,Darjeeling,2.47
2042,Delhi,2.94
2043,Delhi,2.47
2044,Kathmandu,2.99
2045,Darjeeling,4.27
2046,Darjeeling,3.15
2047,Delhi,1.27
2048,Delhi,3.0
2049,Kathmandu,3.31
2050,Kathmandu,4.34
2051,Kathmandu,3.92
2052,Delhi,3.35
2053,Delhi,3.01
2054,Delhi,4.52
2055,Delhi,1.73
2056,Kathmandu,1.98
2057,Kathmandu,4.91
2058,Delhi,3.99
2059,Kathmandu,3.71
2060,Delhi,3.63
2061,Darjeeling,3.74
2062,Kathmandu,4.78
2063,Kathmandu,3.93
2064,Kathmandu,4.77
2065,Delhi,5.0
2066,Kathmandu,3.76
2067,Delhi,2.06
2068,Delhi,3.1
2069,Kathmandu,1.95
2070,Delhi,4.06
2071,Darjeeling,2.62
2072,Delhi,4.53
2073,Darjeeling,3.97
2074,Darjeeling,2.3
2075,Kathmandu,2.37
2076,Kathmandu,2.41
2077,Kathmandu,3.11
2078,Kathmandu,5.0
2079,Kathmandu,2.9
2080,Delhi,3.75
2081,Kathmandu,4.09
2082,Darjeeling,3.21
2083,Delhi,3.37
2084,Kathmandu,3.62
2085,Delhi,2.46
2086,Darjeeling,3.86
2087,Darjeeling,2.79
2088,Delhi,3.95
2089,Kathmandu,3.58
2090,Darjeeling,4.16
2091,Kathmandu,4.03
2092,Darjeeling,3.73
2093,Kathmandu,5.0
2094,Kathmandu,3.32
2095,Delhi,5.0
2096,Darjeeling,3.06
2097,Kathmandu,3.35
2098,Darjeeling,3.14
2099,Delhi,2.78
2100,Kathmandu,4.69
2101,Darjeeling,2.42
2102,Darjeeling,3.42
2103,Darjeeling,4.1
2104,Delhi,1.0
2105,Delhi,1.29
2106,Darjeeling,3.54
2107,Darjeeling,3.08
2108,Kathmandu,2.33
2109,Kathmandu,4.59
2110,Darjeeling,3.15
2111,Kathmandu,3.39
2112,Darjeeling,4.01
2113,Kathmandu,3.17
2114,Kathmandu,4.41
2115,Delhi,2.98
2116,Delhi,1.83
2117,Darjeeling,3.48
2118,Delhi,1.86
2119,Darjeeling,2.89
2120,Darjeeling,3.96
2121,Kathmandu,3.59
2122,Delhi,4.08
2123,Darjeeling,2.48
2124,Kathmandu,3.83
2125,Delhi,3.01
2126,Delhi,2.44
2127,Darjeeling,3.48
2128,Darjeeling,3.51
2129,Kathmandu,3.65
2130,Darjeeling,3.14
2131,Delhi,3.56
2132,Darjeeling,2.97
2133,Kathmandu,3.32
2134,Kathmandu,2.11
2135,Darjeeling,2.92
2136,Delhi,2.66
2137,Delhi,1.44
2138,Darjeeling,3.42
2139,Darjeeling,2.71
2140,Darjeeling,3.5
2141,Kathmandu,3.14
2142,Darjeeling,2.68
2143,Kathmandu,3.79
2144,Delhi,1.45
2145,Delhi,4.22
2146,Darjeeling,4.08
2147,Darjeeling,2.99
2148,Darjeeling,2.92
2149,Delhi,3.2
2150,Darjeeling,3.79
2151,Delhi,1.86
2152,Delhi,2.5
2153,Delhi,2.31
2154,Delhi,3.96
2155,Delhi,5.0
2156,Kathmandu,3.83
2157,Darjeeling,2.46
2158,Kathmandu,3.97
2159,Darjeeling,3.17
2160,Darjeeling,3.04
2161,Darjeeling,2.42
2162,Delhi,3.69
2163,Delhi,1.84
2164,Darjeeling,2.45
2165,Darjeeling,3.64
2166,Kathmandu,2.98
2167,Kathmandu,3.68
2168,Kathmandu,4.47
2169,Delhi,5.0
2170,Darjeeling,3.06
2171,Kathmandu,2.98
2172,Kathmandu,2.63
2173,Kathmandu,3.49
2174,Darjeeling,3.74
2175,Delhi,4.06
2176,Delhi,4.69
2177,Delhi,3.51
2178,Darjeeling,3.04
2179,Darjeeling,3.77
2180,Kathmandu,2.66
2181,Kathmandu,4.14
2182,Kathmandu,2.47
2183,Kathmandu,3.77
2184,Kathmandu,4.25
2185,Darjeeling,2.5
2186,Darjeeling,4.0
2187,Darjeeling,2.81
2188,Kathmandu,3.4
2189,Darjeeling,1.69
2190,Delhi,2.75
2191,Kathmandu,3.32
2192,Kathmandu,1.58
2193,Delhi,2.42
2194,Darjeeling,3.28
2195,Delhi,1.91
2196,Kathmandu,3.21
2197,Darjeeling,3.96
2198,Kathmandu,1.88
2199,Delhi,2.84
2200,Darjeeling,3.35
2201,Kathmandu,5.0
2202,Delhi,3.59
2203,Darjeeling,2.71
2204,Delhi,3.71
2205,Kathmandu,3.84
2206,Darjeeling,3.33
2207,Darjeeling,3.41
2208,Kathmandu,2.56
2209,Darjeeling,3.8
2210,Kathmandu,3.72
2211,Kathmandu,2.27
2212,Delhi,3.59
2213,Delhi,3.21
2214,Kathmandu,2.75
2215,Darjeeling,3.53
2216,Delhi,2.06
2217,Kathmandu,2.24
2218,Delhi,2.18
2219,Darjeeling,4.11
2220,Darjeeling,3.22
2221,Kathmandu,3.04
2222,Delhi,4.3
2223,Darjeeling,4.62
2224,Kathmandu,3.09
2225,Delhi,1.76
2226,Delhi,3.85
2227,Kathmandu,2.78
2228,Darjeeling,3.95
2229,Delhi,2.65
2230,Delhi,2.72
2231,Darjeeling,3.9
2232,Darjeeling,4.96
2233,Darjeeling,2.25
2234,Darjeeling,2.7
2235,Delhi,4.21
2236,Darjeeling,3.05
2237,Kathmandu,3.65
2238,Darjeeling,3.7
2239,Darjeeling,4.28
2240,Darjeeling,4.15
2241,Darjeeling,3.95
2242,Kathmandu,2.83
2243,Delhi,1.13
2244,Darjeeling,3.85
2245,Kathmandu,3.97
2246,Delhi,2.27
2247,Kathmandu,2.76
2248,Delhi,4.09
2249,Delhi,2.41
2250,Darjeeling,2.56
2251,Delhi,1.56
2252,Delhi,3.89
2253,Darjeeling,2.09
2254,Delhi,3.18
2255,Kathmandu,2.4
2256,Delhi,2.46
2257,Darjeeling,3.35
2258,Delhi,1.17
2259,Delhi,3.3
2260,Delhi,2.27
2261,Delhi,1.0
2262,Kathmandu,4.26
2263,Darjeeling,3.45
2264,Kathmandu,3.93
2265,Delhi,3.13
2266,Darjeeling,3.76
2267,Darjeeling,2.38
2268,Delhi,1.57
2269,Kathmandu,2.68
2270,Kathmandu,3.84
2271,Darjeeling,1.9
2272,Kathmandu,4.74
2273,Kathmandu,4.81
2274,Delhi,3.42
2275,Darjeeling,3.2
2276,Delhi,2.24
2277,Kathmandu,4.97
2278,Delhi,2.15
2279,Delhi,3.1
2280,Darjeeling,2.65
2281,Darjeeling,3.05
2282,Delhi,1.99
2283,Darjeeling,3.17
2284,Kathmandu,3.23
2285,Delhi,2.18
2286,Delhi,2.21
2287,Kathmandu,1.53
2288,Darjeeling,2.98
2289,Kathmandu,3.25
2290,Kathmandu,3.93
2291,Delhi,1.0
2292,Darjeeling,3.64
2293,Kathmandu,4.47
2294,Darjeeling,3.07
2295,Darjeeling,3.21
2296,Delhi,2.53
2297,Delhi,3.87
2298,Darjeeling,4.12
2299,Darjeeling,3.08
2300,Kathmandu,3.68
2301,Delhi,3.18
2302,Delhi,3.47
2303,Delhi,2.35
2304,Kathmandu,1.72
2305,Kathmandu,3.22
2306,Delhi,2.91
2307,Delhi,2.24
2308,Delhi,1.0
2309,Darjeeling,3.61
2310,Delhi,2.24
2311,Kathmandu,3.23
2312,Darjeeling,3.9
2313,Kathmandu,4.5
2314,Darjeeling,2.78
2315,Darjeeling,3.57
2316,Kathmandu,3.3
2317,Darjeeling,2.75
2318,Darjeeling,3.02
2319,Kathmandu,2.57
2320,Darjeeling,4.62
2321,Delhi,4.66
2322,Kathmandu,2.23
2323,Delhi,5.0
2324,Darjeeling,2.4
2325,Delhi,1.46
2326,Kathmandu,2.38
2327,Darjeeling,2.54
2328,Darjeeling,4.34
2329,Kathmandu,4.7
2330,Darjeeling,3.85
2331,Delhi,3.56
2332,Delhi,1.51
2333,Darjeeling,1.99
2334,Delhi,1.17
2335,Delhi,2.76
2336,Delhi,4.03
2337,Darjeeling,3.33
2338,Darjeeling,3.91
2339,Darjeeling,2.48
2340,Delhi,2.66
2341,Delhi,3.48
2342,Kathmandu,3.11
2343,Kathmandu,3.71
2344,Kathmandu,4.62
2345,Darjeeling,2.48
2346,Darjeeling,4.47
2347,Darjeeling,1.12
2348,Darjeeling,2.92
2349,Delhi,2.39
2350,Darjeeling,3.85
2351,Delhi,2.56
2352,Delhi,3.37
2353,Kathmandu,2.77
2354,Darjeeling,4.48
2355,Delhi,2.4
2356,Darjeeling,2.97
2357,Kathmandu,4.05
2358,Darjeeling,3.14
2359,Delhi,1.82
2360,Kathmandu,4.26
2361,Kathmandu,4.98
2362,Delhi,2.67
2363,Kathmandu,4.29
2364,Darjeeling,3.52
2365,Delhi,3.03
2366,Darjeeling,4.07
2367,Darjeeling,2.79
2368,Darjeeling,3.15
2369,Delhi,1.09
2370,Kathmandu,2.77
2371,Kathmandu,1.55
2372,Delhi,2.84
2373,Kathmandu,3.74
2374,Delhi,1.73
2375,Kathmandu,4.38
2376,Darjeeling,3.23
2377,Darjeeling,3.64
2378,Kathmandu,2.72
2379,Delhi,4.08
2380,Darjeeling,4.02
2381,Kathmandu,2.93
2382,Kathmandu,3.65
2383,Delhi,2.29
2384,Delhi,1.61
2385,Kathmandu,3.69
2386,Delhi,2.35
2387,Darjeeling,2.34
2388,Delhi,5.0
2389,Darjeeling,2.22
2390,Darjeeling,4.37
2391,Delhi,2.77
2392,Delhi,2.86
2393,Darjeeling,4.24
2394,Kathmandu,1.0
2395,Darjeeling,3.39
2396,Kathmandu,2.27
2397,Darjeeling,3.82
2398,Kathmandu,4.33
2399,Darjeeling,2.69
2400,Darjeeling,3.28
2401,Delhi,3.78
2402,Delhi,1.0
2403,Darjeeling,2.85
2404,Delhi,3.86
2405,Delhi,1.41
2406,Darjeeling,2.38
2407,Darjeeling,2.82
2408,Darjeeling,3.71
2409,Delhi,3.08
2410,Darjeeling,2.53
2411,Delhi,3.48
2412,Delhi,5.0
2413,Darjeeling,2.39
2414,Darjeeling,3.68
2415,Kathmandu,4.91
2416,Kathmandu,2.88
2417,Kathmandu,4.38
2418,Darjeeling,4.44
2419,Delhi,2.31
2420,Darjeeling,3.92
2421,Kathmandu,5.0
2422,Kathmandu,2.77
2423,Darjeeling,3.38
2424,Darjeeling,3.13
2425,Kathmandu,2.46
2426,Delhi,3.77
2427,Darjeeling,4.07
2428,Darjeeling,2.79
2429,Darjeeling,3.56
2430,Darjeeling,2.7
2431,Kathmandu,4.48
2432,Darjeeling,2.94
2433,Darjeeling,2.92
2434,Delhi,3.77
2435,Darjeeling,3.06
2436,Darjeeling,3.85
2437,Kathmandu,3.73
2438,Kathmandu,4.27
2439,Darjeeling,3.46
2440,Kathmandu,2.88
2441,Darjeeling,4.37
2442,Delhi,3.17
2443,Delhi,2.64
2444,Kathmandu,4.7
2445,Darjeeling,3.6
2446,Darjeeling,2.03
2447,Delhi,3.15
2448,Darjeeling,3.97
2449,Kathmandu,3.46
2450,Delhi,2.98
2451,Darjeeling,3.35
2452,Delhi,5.0
2453,Delhi,2.76
2454,Kathmandu,4.19
2455,Kathmandu,4.03
2456,Darjeeling,3.05
2457,Darjeeling,3.28
2458,Darjeeling,3.12
2459,Delhi,4.81
2460,Darjeeling,1.35
2461,Darjeeling,4.09
2462,Darjeeling,3.88
2463,Darjeeling,2.75
2464,Delhi,3.46
2465,Darjeeling,2.3
2466,Delhi,3.68
2467,Delhi,3.04
2468,Delhi,2.99
2469,Delhi,2.61
2470,Darjeeling,3.33
2471,Delhi,3.53
2472,Darjeeling,4.08
2473,Kathmandu,2.81
2474,Delhi,3.96
2475,Delhi,2.84
2476,Darjeeling,2.32
2477,Delhi,3.62
2478,Darjeeling,2.58
2479,Delhi,5.0
2480,Kathmandu,4.71
2481,Kathmandu,2.15
2482,Kathmandu,3.4
2483,Darjeeling,2.52
2484,Kathmandu,4.53
2485,Kathmandu,4.24
2486,Kathmandu,3.16
2487,Delhi,1.78
2488,Delhi,3.83
2489,Darjeeling,4.04
2490,Kathmandu,3.61
2491,Delhi,2.53
2492,Darjeeling,3.74
2493,Delhi,2.6
2494,Delhi,3.03
2495,Kathmandu,4.17
2496,Delhi,2.75
2497,Kathmandu,4.82
2498,Darjeeling,2.88
2499,Darjeeling,4.74
2500,Delhi,4.05
2501,Kathmandu,5.0
2502,Kathmandu,2.72
2503,Darjeeling,2.84
2504,Kathmandu,3.41
2505,Darjeeling,3.87
2506,Delhi,4.92
2507,Darjeeling,4.1
2508,Delhi,3.45
2509,Kathmandu,3.88
2510,Kathmandu,2.5
2511,Delhi,4.77
2512,Darjeeling,5.0
2513,Kathmandu,2.25
2514,Delhi,1.0
2515,Darjeeling,1.64
2516,Kathmandu,3.98
2517,Darjeeling,5.0
2518,Darjeeling,3.27
2519,Kathmandu,2.37
2520,Darjeeling,3.81
2521,Kathmandu,3.21
2522,Darjeeling,3.84
2523,Kathmandu,2.94
2524,Kathmandu,1.49
2525,Delhi,2.67
2526,Darjeeling,3.4
2527,Darjeeling,1.54
2528,Darjeeling,2.26
2529,Kathmandu,3.73
2530,Delhi,2.78
2531,Delhi,3.02
2532,Kathmandu,1.0
2533,Darjeeling,2.1
2534,Delhi,4.57
2535,Darjeeling,4.08
2536,Delhi,2.5
2537,Darjeeling,3.44
2538,Darjeeling,3.27
2539,Darjeeling,3.21
2540,Delhi,2.04
2541,Darjeeling,5.0
2542,Kathmandu,3.34
2543,Kathmandu,3.94
2544,Kathmandu,3.0
2545,Darjeeling,3.58
2546,Darjeeling,2.69
2547,Darjeeling,4.34
2548,Delhi,2.77
2549,Darjeeling,4.02
2550,Darjeeling,3.01
2551,Delhi,5.0
2552,Delhi,2.53
2553,Delhi,1.83
2554,Darjeeling,3.69
2555,Kathmandu,2.93
2556,Delhi,3.38
2557,Darjeeling,2.42
2558,Delhi,5.0
2559,Delhi,3.4
2560,Delhi,2.84
2561,Delhi,3.79
2562,Kathmandu,2.68
2563,Kathmandu,2.89
2564,Delhi,2.72
2565,Darjeeling,4.43
2566,Delhi,5.0
2567,Kathmandu,3.39
2568,Delhi,3.2
2569,Darjeeling,3.2
2570,Darjeeling,4.27
2571,Kathmandu,4.53
2572,Kathmandu,3.29
2573,Darjeeling,2.84
2574,Delhi,2.12
2575,Darjeeling,1.66
2576,Kathmandu,4.14
2577,Darjeeling,2.78
2578,Kathmandu,3.95
2579,Delhi,4.38
2580,Kathmandu,2.77
2581,Delhi,3.24
2582,Kathmandu,2.04
2583,Delhi,1.0
2584,Kathmandu,3.34
2585,Kathmandu,4.2
2586,Kathmandu,4.04
2587,Darjeeling,2.89
2588,Delhi,3.5
2589,Delhi,2.09
2590,Kathmandu,3.29
2591,Delhi,4.04
2592,Kathmandu,3.3
2593,Kathmandu,3.99
2594,Delhi,1.73
2595,Kathmandu,4.94
2596,Darjeeling,2.13
2597,Darjeeling,2.21
2598,Darjeeling,2.64
2599,Delhi,2.88
2600,Darjeeling,2.07
2601,Kathmandu,2.53
2602,Kathmandu,3.26
2603,Delhi,1.97
2604,Darjeeling,2.74
2605,Darjeeling,4.04
2606,Darjeeling,3.85
2607,Delhi,1.07
2608,Kathmandu,4.75
2609,Kathmandu,3.9
2610,Kathmandu,4.12
2611,Darjeeling,2.74
2612,Kathmandu,3.54
2613,Delhi,1.47
2614,Delhi,2.68
2615,Darjeeling,3.73
2616,Delhi,1.41
2617,Kathmandu,2.99
2618,Delhi,3.55
2619,Darjeeling,2.8
2620,Delhi,2.1
2621,Delhi,2.62
2622,Darjeeling,2.77
2623,Kathmandu,1.85
2624,Kathmandu,2.61
2625,Kathmandu,3.23
2626,Kathmandu,3.97
2627,Darjeeling,2.04
2628,Kathmandu,4.64
2629,Kathmandu,2.92
2630,Delhi,2.41
2631,Delhi,5.0
2632,Darjeeling,3.23
2633,Darjeeling,4.1
2634,Darjeeling,5.0
2635,Delhi,4.54
2636,Kathmandu,5.0
2637,Delhi,4.25
2638,Darjeeling,3.31
2639,Darjeeling,3.29
2640,Kathmandu,2.85
2641,Kathmandu,3.45
2642,Darjeeling,4.41
2643,Kathmandu,4.46
2644,Delhi,3.19
2645,Darjeeling,3.81
2646,Delhi,4.86
2647,Delhi,1.41
2648,Delhi,1.36
2649,Darjeeling,3.89
2650,Kathmandu,3.79
2651,Kathmandu,4.1
2652,Delhi,3.54
2653,Delhi,4.18
2654,Delhi,2.7
2655,Delhi,2.36
2656,Darjeeling,3.45
2657,Delhi,3.08
2658,Darjeeling,2.71
2659,Delhi,4.61
2660,Delhi,3.09
2661,Kathmandu,2.97
2662,Kathmandu,3.32
2663,Darjeeling,3.13
2664,Darjeeling,4.01
2665,Darjeeling,2.57
2666,Kathmandu,4.53
2667,Darjeeling,3.23
2668,Delhi,5.0
2669,Delhi,2.81
2670,Kathmandu,3.7
2671,Kathmandu,1.45
2672,Darjeeling,3.92
2673,Delhi,3.01
2674,Delhi,3.27
2675,Delhi,1.25
2676,Kathmandu,4.81
2677,Darjeeling,2.72
2678,Kathmandu,3.14
2679,Delhi,3.18
2680,Delhi,3.05
2681,Delhi,2.99
2682,Darjeeling,2.72
2683,Kathmandu,4.19
2684,Delhi,3.21
2685,Delhi,3.03
2686,Delhi,2.0
2687,Kathmandu,3.5
2688,Darjeeling,4.05
2689,Darjeeling,5.0
2690,Delhi,1.35
2691,Kathmandu,5.0
2692,Kathmandu,1.79
2693,Delhi,4.78
2694,Delhi,3.64
2695,Darjeeling,2.26
2696,Delhi,3.69
2697,Darjeeling,2.3
2698,Delhi,1.73
2699,Kathmandu,2.26
2700,Darjeeling,3.19
2701,Delhi,3.5
2702,Delhi,3.22
2703,Kathmandu,4.51
2704,Darjeeling,2.34
2705,Delhi,4.16
2706,Darjeeling,3.72
2707,Delhi,1.61
2708,Kathmandu,5.0
2709,Delhi,2.71
2710,Darjeeling,2.05
2711,Kathmandu,3.48
2712,Delhi,2.83
2713,Kathmandu,3.96
2714,Darjeeling,4.13
2715,Darjeeling,2.94
2716,Delhi,2.34
2717,Darjeeling,3.12
2718,Darjeeling,4.72
2719,Darjeeling,3.22
2720,Delhi,2.68
2721,Delhi,2.89
2722,Kathmandu,2.38
2723,Darjeeling,3.11
2724,Darjeeling,2.83
2725,Delhi,3.22
2726,Delhi,2.31
2727,Kathmandu,4.31
2728,Kathmandu,2.89
2729,Delhi,4.22
2730,Kathmandu,5.0
2731,Delhi,2.15
2732,Delhi,3.19
2733,Delhi,1.24
2734,Darjeeling,2.84
2735,Delhi,2.97
2736,Kathmandu,3.24
2737,Darjeeling,2.05
2738,Kathmandu,3.49
2739,Delhi,4.21
2740,Kathmandu,2.96
2741,Darjeeling,3.12
2742,Darjeeling,5.0
2743,Delhi,3.06
2744,Darjeeling,2.6
2745,Darjeeling,3.19
2746,Darjeeling,3.05
2747,Kathmandu,3.02
2748,Darjeeling,3.18
2749,Delhi,1.9
2750,Kathmandu,3.74
2751,Delhi,3.79
2752,Kathmandu,5.0
2753,Darjeeling,3.49
2754,Darjeeling,4.79
2755,Kathmandu,1.38
2756,Delhi,3.04
2757,Darjeeling,3.1
2758,Darjeeling,3.25
2759,Kathmandu,3.23
2760,Delhi,3.79
2761,Kathmandu,2.99
2762,Delhi,4.9
2763,Delhi,3.1
2764,Delhi,1.89
2765,Darjeeling,2.31
2766,Kathmandu,2.47
2767,Kathmandu,3.58
2768,Kathmandu,3.86
2769,Kathmandu,3.6
2770,Delhi,4.15
2771,Delhi,3.4
2772,Kathmandu,1.92
2773,Darjeeling,2.86
2774,Darjeeling,4.38
2775,Darjeeling,3.77
2776,Darjeeling,2.68
2777,Kathmandu,4.27
2778,Delhi,3.09
2779,Delhi,2.68
2780,Kathmandu,2.5
2781,Darjeeling,4.29
2782,Kathmandu,1.95
2783,Kathmandu,4.36
2784,Delhi,3.0
2785,Darjeeling,2.77
2786,Kathmandu,2.33
2787,Darjeeling,4.26
2788,Delhi,3.72
2789,Delhi,4.73
2790,Darjeeling,2.96
2791,Kathmandu,2.76
2792,Kathmandu,3.13
2793,Delhi,2.75
2794,Darjeeling,3.67
2795,Darjeeling,3.96
2796,Delhi,3.52
2797,Delhi,1.7
2798,Delhi,1.0
2799,Delhi,4.12
2800,Kathmandu,2.83
2801,Delhi,3.36
2802,Kathmandu,4.22
2803,Kathmandu,2.47
2804,Delhi,3.81
2805,Delhi,2.85
2806,Kathmandu,3.27
2807,Kathmandu,3.21
2808,Delhi,1.55
2809,Darjeeling,2.93
2810,Delhi,3.81
2811,Darjeeling,3.62
2812,Darjeeling,2.78
2813,Darjeeling,3.34
2814,Darjeeling,2.73
2815,Kathmandu,2.06
2816,Kathmandu,4.65
2817,Darjeeling,4.69
2818,Delhi,1.0
2819,Delhi,1.72
2820,Kathmandu,2.8
2821,Delhi,4.07
2822,Darjeeling,2.75
2823,Kathmandu,3.27
2824,Darjeeling,3.72
2825,Darjeeling,3.68
2826,Delhi,2.95
2827,Kathmandu,4.96
2828,Kathmandu,4.78
2829,Delhi,3.73
2830,Kathmandu,3.32
2831,Delhi,3.68
2832,Delhi,3.53
2833,Kathmandu,3.99
2834,Delhi,1.4
2835,Kathmandu,4.51
2836,Kathmandu,4.84
2837,Kathmandu,3.08
2838,Kathmandu,3.8
2839,Darjeeling,2.39
2840,Darjeeling,4.06
2841,Kathmandu,5.0
2842,Delhi,3.59
2843,Darjeeling,4.4
2844,Darjeeling,4.2
2845,Kathmandu,4.63
2846,Delhi,3.62
2847,Darjeeling,3.01
2848,Darjeeling,4.39
2849,Delhi,1.0
2850,Kathmandu,4.94
2851,Delhi,3.0
2852,Darjeeling,3.19
2853,Delhi,2.69
2854,Kathmandu,2.63
2855,Delhi,2.91
2856,Delhi,2.15
2857,Delhi,5.0
2858,Darjeeling,2.67
2859,Darjeeling,4.4
2860,Delhi,5.0
2861,Delhi,2.1
2862,Delhi,4.55
2863,Kathmandu,3.97
2864,Kathmandu,3.53
2865,Kathmandu,3.77
2866,Kathmandu,3.1
2867,Kathmandu,2.72
2868,Delhi,2.69
2869,Delhi,5.0
2870,Delhi,3.16
2871,Kathmandu,3.7
2872,Darjeeling,2.72
2873,Delhi,2.05
2874,Darjeeling,3.86
2875,Delhi,3.31
2876,Delhi,3.5
2877,Darjeeling,4.46
2878,Darjeeling,2.96
2879,Darjeeling,4.51
2880,Darjeeling,3.25
2881,Darjeeling,2.7
2882,Kathmandu,2.25
2883,Darjeeling,4.65
2884,Delhi,4.42
2885,Darjeeling,2.25
2886,Delhi,3.15
2887,Delhi,3.66
2888,Delhi,1.84
2889,Kathmandu,3.0
2890,Darjeeling,3.03
2891,Kathmandu,4.52
2892,Darjeeling,4.01
2893,Kathmandu,3.35
2894,Kathmandu,2.5
2895,Darjeeling,4.53
2896,Kathmandu,2.8
2897,Darjeeling,3.09
2898,Darjeeling,3.22
2899,Kathmandu,3.79
2900,Darjeeling,4.72
2901,Kathmandu,3.25
2902,Kathmandu,4.52
2903,Kathmandu,3.36
2904,Kathmandu,2.91
2905,Kathmandu,2.66
2906,Darjeeling,3.5
2907,Delhi,3.47
2908,Darjeeling,4.36
2909,Delhi,4.22
2910,Darjeeling,3.03
2911,Darjeeling,5.0
2912,Kathmandu,4.0
2913,Darjeeling,2.53
2914,Darjeeling,3.05
2915,Kathmandu,5.0
2916,Darjeeling,2.79
2917,Darjeeling,3.16
2918,Kathmandu,3.87
2919,Delhi,4.52
2920,Darjeeling,3.25
2921,Darjeeling,3.71
2922,Kathmandu,3.26
2923,Delhi,2.71
2924,Darjeeling,3.42
2925,Delhi,1.55
2926,Darjeeling,3.17
2927,Delhi,3.19
2928,Darjeeling,4.02
2929,Kathmandu,4.01
2930,Kathmandu,3.48
2931,Delhi,2.32
2932,Delhi,4.0
2933,Darjeeling,4.83
2934,Kathmandu,3.03
2935,Darjeeling,2.61
2936,Kathmandu,3.7
2937,Darjeeling,1.0
2938,Darjeeling,1.68
2939,Kathmandu,2.18
2940,Kathmandu,2.56
2941,Kathmandu,3.22
2942,Kathmandu,4.55
2943,Kathmandu,3.86
2944,Kathmandu,2.36
2945,Darjeeling,3.01
2946,Kathmandu,3.86
2947,Darjeeling,1.61
2948,Darjeeling,2.38
2949,Delhi,1.67
2950,Delhi,2.69
2951,Kathmandu,4.79
2952,Delhi,4.26
2953,Darjeeling,3.0
2954,Darjeeling,2.4
2955,Darjeeling,3.03
2956,Darjeeling,3.3
2957,Darjeeling,3.37
2958,Delhi,2.94
2959,Darjeeling,3.98
2960,Delhi,3.66
2961,Delhi,3.62
2962,Kathmandu,4.32
2963,Delhi,2.83
2964,Delhi,2.99
2965,Kathmandu,4.25
2966,Darjeeling,1.91
2967,Delhi,2.31
2968,Kathmandu,4.41
2969,Kathmandu,1.93
2970,Kathmandu,3.2
2971,Delhi,3.71
2972,Delhi,3.4
2973,Kathmandu,2.38
2974,Kathmandu,3.85
2975,Kathmandu,3.32
2976,Delhi,2.85
2977,Delhi,4.38
2978,Delhi,1.65
2979,Kathmandu,3.73
2980,Darjeeling,3.51
2981,Kathmandu,2.89
2982,Delhi,3.51
2983,Delhi,2.15
2984,Kathmandu,1.79
2985,Darjeeling,2.61
2986,Kathmandu,2.05
2987,Darjeeling,4.06
2988,Darjeeling,1.37
2989,Delhi,2.03
2990,Delhi,2.34
2991,Darjeeling,3.28
2992,Kathmandu,2.65
2993,Darjeeling,3.3
2994,Darjeeling,3.16
2995,Darjeeling,3.4
2996,Darjeeling,4.27
2997,Delhi,3.85
2998,Delhi,2.6
2999,Darjeeling,2.05
3000,Darjeeling,3.28
3001,Kathmandu,3.56
3002,Kathmandu,3.36
3003,Delhi,2.78
3004,Darjeeling,3.35
3005,Delhi,2.95
3006,Delhi,2.51
3007,Kathmandu,3.97
3008,Darjeeling,2.84
3009,Kathmandu,3.34
3010,Kathmandu,4.88
3011,Kathmandu,4.64
3012,Kathmandu,3.4
3013,Kathmandu,4.24
3014,Darjeeling,3.47
3015,Delhi,2.73
3016,Delhi,2.77
3017,Kathmandu,3.78
3018,Darjeeling,2.5
3019,Darjeeling,2.31
3020,Delhi,2.04
3021,Delhi,2.06
3022,Delhi,4.6
3023,Darjeeling,2.93
3024,Darjeeling,5.0
3025,Darjeeling,3.83
3026,Darjeeling,3.74
3027,Kathmandu,3.64
3028,Delhi,1.92
3029,Delhi,1.0
3030,Delhi,3.58
3031,Delhi,3.66
3032,Delhi,3.4
3033,Delhi,2.81
3034,Darjeeling,2.22
3035,Kathmandu,4.39
3036,Darjeeling,2.56
3037,Darjeeling,3.41
3038,Darjeeling,2.38
3039,Kathmandu,1.87
3040,Delhi,3.39
3041,Kathmandu,3.41
3042,Kathmandu,1.7
3043,Delhi,3.54
3044,Delhi,2.93
3045,Delhi,2.26
3046,Darjeeling,2.82
3047,Darjeeling,2.34
3048,Darjeeling,3.6
3049,Kathmandu,2.72
3050,Delhi,1.56
3051,Delhi,3.96
3052,Kathmandu,5.0
3053,Delhi,2.2
3054,Kathmandu,3.56
3055,Delhi,2.63
3056,Kathmandu,3.96
3057,Delhi,2.96
3058,Delhi,3.71
3059,Delhi,1.84
3060,Darjeeling,1.99
3061,Darjeeling,3.24
3062,Kathmandu,2.74
3063,Kathmandu,2.66
3064,Darjeeling,3.34
3065,Darjeeling,3.42
3066,Kathmandu,4.18
3067,Delhi,3.06
3068,Darjeeling,2.51
3069,Darjeeling,3.04
3070,Delhi,4.86
3071,Kathmandu,2.31
3072,Darjeeling,3.49
3073,Delhi,4.47
3074,Kathmandu,3.34
3075,Delhi,2.96
3076,Delhi,3.84
3077,Delhi,2.11
3078,Darjeeling,3.33
3079,Darjeeling,2.67
3080,Darjeeling,3.05
3081,Darjeeling,3.59
3082,Delhi,3.93
3083,Darjeeling,2.86
3084,Kathmandu,2.53
3085,Kathmandu,3.82
3086,Darjeeling,2.23
3087,Delhi,4.71
3088,Kathmandu,3.71
3089,Kathmandu,3.37
3090,Delhi,3.44
3091,Delhi,2.48
3092,Delhi,2.48
3093,Delhi,4.48
3094,Delhi,1.0
3095,Darjeeling,2.17
3096,Darjeeling,4.09
3097,Darjeeling,3.24
3098,Darjeeling,2.66
3099,Darjeeling,3.94
3100,Darjeeling,3.68
3101,Darjeeling,3.07
3102,Darjeeling,4.5
3103,Delhi,2.0
3104,Darjeeling,1.65
3105,Delhi,1.85
3106,Delhi,1.57
3107,Darjeeling,3.84
3108,Darjeeling,3.58
3109,Kathmandu,3.28
3110,Kathmandu,2.68
3111,Darjeeling,2.6
3112,Delhi,3.08
3113,Kathmandu,3.82
3114,Darjeeling,3.62
3115,Kathmandu,3.04
3116,Delhi,4.14
3117,Kathmandu,3.6
3118,Darjeeling,4.14
3119,Kathmandu,4.65
3120,Kathmandu,3.41
3121,Kathmandu,2.96
3122,Darjeeling,2.72
3123,Darjeeling,3.03
3124,Delhi,3.37
3125,Kathmandu,3.49
3126,Darjeeling,3.98
3127,Kathmandu,3.34
3128,Kathmandu,3.02
3129,Delhi,2.41
3130,Darjeeling,3.34
3131,Delhi,3.21
3132,Darjeeling,4.1
3133,Delhi,2.51
3134,Kathmandu,3.25
3135,Kathmandu,3.29
3136,Darjeeling,3.28
3137,Darjeeling,3.4
3138,Darjeeling,5.0
3139,Darjeeling,2.93
3140,Darjeeling,4.03
3141,Darjeeling,2.16
3142,Kathmandu,3.66
3143,Darjeeling,1.76
3144,Darjeeling,3.43
3145,Kathmandu,3.99
3146,Darjeeling,1.71
3147,Delhi,4.53
3148,Kathmandu,3.59
3149,Kathmandu,3.71
3150,Kathmandu,2.79
3151,Kathmandu,5.0
3152,Kathmandu,4.29
3153,Delhi,3.98
3154,Kathmandu,3.83
3155,Kathmandu,5.0
3156,Darjeeling,3.27
3157,Kathmandu,2.0
3158,Darjeeling,3.96
3159,Darjeeling,3.8
3160,Delhi,4.49
3161,Darjeeling,3.78
3162,Darjeeling,2.4
3163,Kathmandu,1.96
3164,Darjeeling,3.92
3165,Darjeeling,2.81
3166,Delhi,3.84
3167,Darjeeling,2.85
3168,Darjeeling,2.49
3169,Delhi,5.0
3170,Delhi,3.25
3171,Delhi,2.89
3172,Darjeeling,3.32
3173,Kathmandu,4.1
3174,Delhi,1.16
3175,Delhi,4.46
3176,Kathmandu,3.3
3177,Darjeeling,2.92
3178,Kathmandu,3.24
3179,Delhi,4.15
3180,Kathmandu,2.29
3181,Darjeeling,3.3
3182,Darjeeling,3.07
3183,Delhi,3.52
3184,Delhi,5.0
3185,Kathmandu,2.71
3186,Kathmandu,1.02
3187,Delhi,4.11
3188,Delhi,3.49
3189,Kathmandu,1.8
3190,Darjeeling,1.45
3191,Delhi,4.03
3192,Kathmandu,4.21
3193,Delhi,2.64
3194,Kathmandu,2.98
3195,Darjeeling,2.91
3196,Kathmandu,2.17
3197,Delhi,2.89
3198,Darjeeling,3.87
3199,Darjeeling,3.69
3200,Kathmandu,3.72
3201,Delhi,3.99
3202,Kathmandu,3.71
3203,Kathmandu,4.16
3204,Delhi,3.25
3205,Delhi,4.17
3206,Kathmandu,5.0
3207,Kathmandu,3.93
3208,Kathmandu,3.65
3209,Darjeeling,2.38
3210,Darjeeling,2.96
3211,Darjeeling,3.16
3212,Darjeeling,2.99
3213,Kathmandu,3.48
3214,Darjeeling,3.25
3215,Kathmandu,4.25
3216,Darjeeling,4.41
3217,Delhi,1.0
3218,Darjeeling,3.48
3219,Darjeeling,2.22
3220,Darjeeling,5.0
3221,Kathmandu,3.66
3222,Kathmandu,4.06
3223,Darjeeling,4.22
3224,Darjeeling,4.28
3225,Darjeeling,2.98
3226,Delhi,2.77
3227,Delhi,2.85
3228,Darjeeling,2.06
3229,Delhi,4.02
3230,Darjeeling,3.09
3231,Darjeeling,2.84
3232,Kathmandu,4.28
3233,Delhi,2.45
3234,Darjeeling,1.52
3235,Darjeeling,5.0
3236,Darjeeling,3.23
3237,Darjeeling,3.15
3238,Darjeeling,4.71
3239,Kathmandu,4.43
3240,Kathmandu,4.33
3241,Kathmandu,2.99
3242,Delhi,2.36
3243,Kathmandu,3.81
3244,Darjeeling,4.11
3245,Delhi,2.08
3246,Darjeeling,2.03
3247,Darjeeling,3.54
3248,Delhi,3.46
3249,Kathmandu,3.98
3250,Kathmandu,3.17
3251,Delhi,1.29
3252,Darjeeling,2.28
3253,Darjeeling,3.95
3254,Darjeeling,3.39
3255,Kathmandu,4.25
3256,Delhi,2.86
3257,Kathmandu,3.43
3258,Darjeeling,2.4
3259,Delhi,1.47
3260,Delhi,3.57
3261,Delhi,4.21
3262,Darjeeling,2.31
3263,Darjeeling,3.12
3264,Kathmandu,4.45
3265,Kathmandu,4.8
3266,Darjeeling,3.56
3267,Darjeeling,3.53
3268,Delhi,3.57
3269,Darjeeling,4.54
3270,Darjeeling,2.16
3271,Kathmandu,3.13
3272,Darjeeling,4.06
3273,Kathmandu,3.5
3274,Darjeeling,2.64
3275,Delhi,3.73
3276,Darjeeling,4.71
3277,Kathmandu,3.53
3278,Kathmandu,3.14
3279,Kathmandu,3.43
3280,Darjeeling,2.97
3281,Darjeeling,2.28
3282,Darjeeling,3.09
3283,Darjeeling,2.53
3284,Kathmandu,4.15
3285,Delhi,2.77
3286,Kathmandu,4.17
3287,Darjeeling,2.71
3288,Darjeeling,3.52
3289,Kathmandu,2.19
3290,Delhi,4.8
3291,Delhi,3.25
3292,Kathmandu,3.32
3293,Delhi,2.79
3294,Kathmandu,2.4
3295,Darjeeling,3.6
3296,Kathmandu,3.52
3297,Delhi,2.94
3298,Darjeeling,3.4
3299,Delhi,2.06
3300,Delhi,1.98
3301,Delhi,3.28
3302,Kathmandu,3.29
3303,Delhi,3.07
3304,Kathmandu,3.71
3305,Kathmandu,5.0
3306,Kathmandu,3.15
3307,Kathmandu,4.5
3308,Darjeeling,3.6
3309,Darjeeling,4.37
3310,Kathmandu,3.58
3311,Kathmandu,3.62
3312,Delhi,2.82
3313,Darjeeling,2.02
3314,Darjeeling,4.12
3315,Darjeeling,2.98
3316,Delhi,4.55
3317,Delhi,1.98
3318,Delhi,3.32
3319,Delhi,4.62
3320,Delhi,2.02
3321,Darjeeling,2.99
3322,Darjeeling,2.79
3323,Delhi,3.92
3324,Kathmandu,2.57
3325,Kathmandu,4.74
3326,Delhi,5.0
3327,Darjeeling,1.76
3328,Darjeeling,3.96
3329,Kathmandu,5.0
3330,Kathmandu,3.96
3331,Darjeeling,3.66
3332,Delhi,1.14
3333,Darjeeling,2.07
3334,Kathmandu,3.88
3335,Darjeeling,3.52
3336,Kathmandu,2.42
3337,Delhi,2.93
3338,Kathmandu,2.63
3339,Darjeeling,3.27
3340,Delhi,3.42
3341,Delhi,2.8
3342,Kathmandu,3.58
3343,Delhi,3.38
3344,Darjeeling,4.92
3345,Delhi,2.86
3346,Kathmandu,4.05
3347,Delhi,3.29
3348,Delhi,1.98
3349,Kathmandu,3.32
3350,Kathmandu,3.08
3351,Delhi,4.52
3352,Delhi,3.13
3353,Delhi,4.08
3354,Delhi,2.75
3355,Kathmandu,5.0
3356,Kathmandu,3.79
3357,Kathmandu,1.97
3358,Delhi,5.0
3359,Darjeeling,3.94
3360,Darjeeling,4.94
3361,Kathmandu,2.43
3362,Darjeeling,2.11
3363,Delhi,4.54
3364,Kathmandu,3.78
3365,Delhi,1.89
3366,Delhi,2.91
3367,Delhi,3.65
3368,Kathmandu,2.42
3369,Delhi,2.37
3370,Darjeeling,3.78
3371,Delhi,2.2
3372,Delhi,3.56
3373,Delhi,3.94
3374,Darjeeling,2.19
3375,Darjeeling,3.27
3376,Delhi,2.56
3377,Kathmandu,1.21
3378,Darjeeling,3.75
3379,Darjeeling,3.11
3380,Kathmandu,3.9
3381,Delhi,3.54
3382,Kathmandu,3.63
3383,Darjeeling,3.12
3384,Kathmandu,3.3
3385,Delhi,4.3
3386,Darjeeling,5.0
3387,Darjeeling,3.84
3388,Delhi,4.08
3389,Darjeeling,2.58
3390,Darjeeling,4.77
3391,Delhi,2.71
3392,Kathmandu,3.48
3393,Delhi,2.73
3394,Kathmandu,5.0
3395,Delhi,4.3
3396,Darjeeling,2.5
3397,Darjeeling,3.57
3398,Delhi,1.7
3399,Delhi,3.45
3400,Darjeeling,3.66
3401,Darjeeling,2.77
3402,Darjeeling,2.51
3403,Kathmandu,2.54
3404,Delhi,1.74
3405,Delhi,1.71
3406,Kathmandu,4.81
3407,Delhi,3.92
3408,Delhi,1.0
3409,Kathmandu,3.45
3410,Delhi,2.96
3411,Darjeeling,3.37
3412,Kathmandu,2.77
3413,Kathmandu,1.79
3414,Delhi,1.41
3415,Kathmandu,3.15
3416,Kathmandu,4.26
3417,Delhi,3.37
3418,Darjeeling,2.72
3419,Kathmandu,4.14
3420,Delhi,3.69
3421,Darjeeling,4.02
3422,Kathmandu,5.0
3423,Darjeeling,4.74
3424,Darjeeling,3.97
3425,Darjeeling,3.96
3426,Kathmandu,2.31
3427,Delhi,4.56
3428,Darjeeling,2.06
3429,Darjeeling,2.27
3430,Kathmandu,4.3
3431,Delhi,3.7
3432,Darjeeling,4.61
3433,Darjeeling,4.06
3434,Kathmandu,3.84
3435,Kathmandu,3.5
3436,Delhi,3.08
3437,Kathmandu,2.43
3438,Delhi,3.06
3439,Darjeeling,2.81
3440,Darjeeling,3.03
3441,Darjeeling,3.15
3442,Darjeeling,4.1
3443,Delhi,2.04
3444,Darjeeling,4.22
3445,Darjeeling,2.21
3446,Delhi,4.75
3447,Delhi,2.06
3448,Delhi,2.8
3449,Darjeeling,3.04
3450,Darjeeling,4.7
3451,Kathmandu,4.11
3452,Delhi,4.11
3453,Delhi,2.93
3454,Kathmandu,5.0
3455,Darjeeling,3.9
3456,Kathmandu,3.2
3457,Darjeeling,2.82
3458,Kathmandu,3.89
3459,Delhi,2.24
3460,Kathmandu,4.65
3461,Kathmandu,4.39
3462,Delhi,1.78
3463,Darjeeling,3.13
3464,Delhi,4.1
3465,Kathmandu,3.1
3466,Kathmandu,2.58
3467,Darjeeling,3.08
3468,Darjeeling,2.27
3469,Kathmandu,3.02
3470,Darjeeling,3.68
3471,Delhi,2.27
3472,Delhi,2.84
3473,Delhi,3.12
3474,Darjeeling,2.85
3475,Delhi,1.58
3476,Kathmandu,4.71
3477,Delhi,5.0
3478,Kathmandu,2.55
3479,Delhi,4.03
3480,Darjeeling,3.49
3481,Delhi,2.27
3482,Darjeeling,2.68
3483,Darjeeling,2.92
3484,Delhi,1.82
3485,Kathmandu,3.76
3486,Delhi,1.37
3487,Kathmandu,2.94
3488,Darjeeling,4.11
3489,Darjeeling,3.59
3490,Kathmandu,3.88
3491,Delhi,2.1
3492,Kathmandu,3.64
3493,Delhi,3.02
3494,Darjeeling,3.93
3495,Delhi,2.94
3496,Kathmandu,3.1
3497,Delhi,3.71
3498,Kathmandu,3.65
3499,Delhi,2.59
3500,Kathmandu,4.31
3501,Delhi,4.16
3502,Delhi,5.0
3503,Darjeeling,2.2
3504,Kathmandu,4.44
3505,Kathmandu,3.9
3506,Darjeeling,4.24
3507,Delhi,1.51
3508,Delhi,3.65
3509,Darjeeling,5.0
3510,Darjeeling,3.71
3511,Kathmandu,4.19
3512,Delhi,3.35
3513,Delhi,3.76
3514,Darjeeling,4.88
3515,Darjeeling,2.71
3516,Darjeeling,3.02
3517,Delhi,3.2
3518,Kathmandu,2.79
3519,Kathmandu,4.81
3520,Delhi,3.96
3521,Delhi,3.88
3522,Kathmandu,4.3
3523,Darjeeling,4.96
3524,Kathmandu,2.57
3525,Darjeeling,4.15
3526,Kathmandu,4.08
3527,Delhi,3.58
3528,Delhi,1.33
3529,Delhi,3.01
3530,Darjeeling,2.17
3531,Darjeeling,3.91
3532,Delhi,4.1
3533,Kathmandu,4.14
3534,Kathmandu,4.23
3535,Kathmandu,5.0
3536,Darjeeling,3.65
3537,Darjeeling,4.48
3538,Darjeeling,2.98
3539,Darjeeling,3.95
3540,Kathmandu,3.78
3541,Delhi,4.95
3542,Kathmandu,3.45
3543,Delhi,4.02
3544,Darjeeling,4.48
3545,Delhi,1.18
3546,Kathmandu,4.37
3547,Darjeeling,4.92
3548,Kathmandu,4.08
3549,Kathmandu,2.59
3550,Kathmandu,4.82
3551,Darjeeling,5.0
3552,Delhi,1.91
3553,Kathmandu,3.62
3554,Darjeeling,4.14
3555,Kathmandu,2.74
3556,Darjeeling,4.37
3557,Delhi,2.18
3558,Darjeeling,3.28
3559,Kathmandu,3.23
3560,Darjeeling,2.77
3561,Darjeeling,3.56
3562,Kathmandu,4.14
3563,Delhi,2.43
3564,Delhi,3.89
3565,Darjeeling,2.92
3566,Delhi,2.97
3567,Delhi,1.0
3568,Delhi,1.62
3569,Darjeeling,3.69
3570,Delhi,3.16
3571,Delhi,4.05
3572,Kathmandu,3.09
3573,Darjeeling,2.61
3574,Delhi,2.4
3575,Kathmandu,4.65
3576,Delhi,2.59
3577,Kathmandu,2.36
3578,Delhi,1.23
3579,Kathmandu,4.21
3580,Darjeeling,3.45
3581,Darjeeling,3.18
3582,Kathmandu,4.14
3583,Kathmandu,4.98
3584,Delhi,2.31
3585,Kathmandu,2.92
3586,Delhi,2.83
3587,Kathmandu,2.81
3588,Darjeeling,3.1
3589,Kathmandu,3.88
3590,Delhi,3.62
3591,Delhi,3.14
3592,Darjeeling,3.91
3593,Darjeeling,3.91
3594,Kathmandu,4.93
3595,Delhi,3.81
3596,Delhi,3.13
3597,Delhi,3.54
3598,Delhi,1.0
3599,Delhi,1.91
3600,Darjeeling,2.42
3601,Delhi,2.88
3602,Darjeeling,3.85
3603,Darjeeling,4.0
3604,Darjeeling,3.83
3605,Delhi,3.21
3606,Darjeeling,3.92
3607,Darjeeling,3.72
3608,Darjeeling,2.89
3609,Kathmandu,1.89
3610,Delhi,1.61
3611,Delhi,4.96
3612,Kathmandu,1.53
3613,Delhi,4.52
3614,Darjeeling,3.84
3615,Kathmandu,2.1
3616,Darjeeling,4.08
3617,Kathmandu,4.86
3618,Delhi,3.31
3619,Delhi,3.01
3620,Darjeeling,2.58
3621,Darjeeling,4.67
3622,Darjeeling,3.94
3623,Darjeeling,4.37
3624,Kathmandu,2.57
3625,Delhi,3.45
3626,Delhi,2.2
3627,Delhi,2.04
3628,Delhi,4.61
3629,Kathmandu,5.0
3630,Delhi,2.02
3631,Kathmandu,2.08
3632,Delhi,3.33
3633,Kathmandu,3.94
3634,Darjeeling,2.85
3635,Kathmandu,3.52
3636,Delhi,2.51
3637,Delhi,3.74
3638,Delhi,2.02
3639,Kathmandu,4.58
3640,Delhi,1.0
3641,Kathmandu,4.06
3642,Delhi,2.39
3643,Kathmandu,3.43
3644,Kathmandu,3.14
3645,Kathmandu,4.19
3646,Kathmandu,3.01
3647,Darjeeling,2.26
3648,Darjeeling,2.75
3649,Darjeeling,4.28
3650,Kathmandu,3.51
3651,Darjeeling,2.19
3652,Delhi,2.36
3653,Darjeeling,4.16
3654,Darjeeling,2.56
3655,Darjeeling,3.74
3656,Darjeeling,2.29
3657,Kathmandu,2.05
3658,Delhi,2.27
3659,Delhi,1.8
3660,Kathmandu,4.22
3661,Delhi,1.11
3662,Kathmandu,5.0
3663,Kathmandu,3.88
3664,Darjeeling,4.18
3665,Darjeeling,3.6
3666,Kathmandu,2.7
3667,Kathmandu,3.05
3668,Kathmandu,2.88
3669,Darjeeling,4.21
3670,Kathmandu,3.36
3671,Kathmandu,4.0
3672,Darjeeling,3.37
3673,Darjeeling,3.32
3674,Kathmandu,1.8
3675,Kathmandu,4.92
3676,Kathmandu,3.23
3677,Delhi,4.13
3678,Darjeeling,3.28
3679,Darjeeling,2.62
3680,Kathmandu,3.57
3681,Delhi,4.0
3682,Kathmandu,3.09
3683,Darjeeling,4.76
3684,Kathmandu,3.79
3685,Darjeeling,4.62
3686,Kathmandu,3.5
3687,Kathmandu,3.26
3688,Darjeeling,2.44
3689,Kathmandu,2.94
3690,Kathmandu,3.17
3691,Darjeeling,3.32
3692,Darjeeling,3.81
3693,Darjeeling,3.39
3694,Delhi,3.41
3695,Delhi,3.69
3696,Delhi,2.22
3697,Darjeeling,4.16
3698,Kathmandu,2.71
3699,Delhi,5.0
3700,Delhi,3.38
3701,Delhi,2.02
3702,Kathmandu,2.3
3703,Kathmandu,3.99
3704,Darjeeling,4.98
3705,Kathmandu,3.22
3706,Delhi,3.53
3707,Kathmandu,2.92
3708,Delhi,5.0
3709,Darjeeling,3.72
3710,Darjeeling,3.31
3711,Darjeeling,3.95
3712,Kathmandu,3.18
3713,Kathmandu,4.04
3714,Darjeeling,3.31
3715,Delhi,3.32
3716,Delhi,1.66
3717,Darjeeling,4.23
3718,Darjeeling,3.67
3719,Darjeeling,3.99
3720,Darjeeling,3.91
3721,Delhi,3.95
3722,Delhi,5.0
3723,Delhi,3.42
3724,Delhi,1.19
3725,Darjeeling,3.06
3726,Delhi,2.53
3727,Delhi,2.62
3728,Delhi,1.41
3729,Kathmandu,3.44
3730,Kathmandu,3.4
3731,Darjeeling,2.23
3732,Kathmandu,3.97
3733,Kathmandu,2.91
3734,Kathmandu,3.92
3735,Delhi,2.56
3736,Delhi,2.85
3737,Darjeeling,3.54
3738,Darjeeling,4.04
3739,Kathmandu,4.21
3740,Darjeeling,4.23
3741,Kathmandu,2.84
3742,Delhi,2.09
3743,Darjeeling,5.0
3744,Delhi,2.24
3745,Darjeeling,2.44
3746,Darjeeling,2.01
3747,Darjeeling,1.0
3748,Kathmandu,3.79
3749,Kathmandu,3.3
3750,Kathmandu,5.0
3751,Delhi,2.18
3752,Kathmandu,3.9
3753,Kathmandu,1.66
3754,Darjeeling,1.89
3755,Kathmandu,1.23
3756,Delhi,1.66
3757,Delhi,1.39
3758,Darjeeling,4.26
3759,Darjeeling,2.78
3760,Delhi,4.14
3761,Delhi,1.84
3762,Kathmandu,2.56
3763,Delhi,2.34
3764,Delhi,1.18
3765,Delhi,1.83
3766,Delhi,3.17
3767,Kathmandu,4.88
3768,Delhi,2.97
3769,Kathmandu,2.78
3770,Darjeeling,2.34
3771,Darjeeling,1.53
3772,Delhi,1.95
3773,Delhi,2.37
3774,Kathmandu,2.89
3775,Kathmandu,2.38
3776,Darjeeling,3.62
3777,Delhi,3.19
3778,Delhi,4.14
3779,Delhi,2.99
3780,Delhi,4.55
3781,Delhi,2.01
3782,Kathmandu,3.49
3783,Kathmandu,2.04
3784,Darjeeling,2.33
3785,Darjeeling,2.63
3786,Kathmandu,2.48
3787,Delhi,3.59
3788,Darjeeling,3.89
3789,Darjeeling,3.47
3790,Delhi,2.86
3791,Darjeeling,3.2
3792,Darjeeling,3.48
3793,Delhi,2.4
3794,Kathmandu,3.39
3795,Delhi,4.75
3796,Kathmandu,3.31
3797,Kathmandu,4.26
3798,Darjeeling,3.45
3799,Kathmandu,3.3
3800,Kathmandu,4.14
3801,Darjeeling,3.09
3802,Darjeeling,4.36
3803,Delhi,3.18
3804,Delhi,2.98
3805,Darjeeling,3.35
3806,Darjeeling,3.15
3807,Kathmandu,5.0
3808,Delhi,3.67
3809,Delhi,3.52
3810,Kathmandu,3.54
3811,Darjeeling,2.97
3812,Delhi,4.07
3813,Darjeeling,4.62
3814,Kathmandu,2.75
3815,Darjeeling,2.7
3816,Delhi,2.21
3817,Kathmandu,3.07
3818,Darjeeling,3.79
3819,Darjeeling,2.08
3820,Kathmandu,4.12
3821,Delhi,4.91
3822,Kathmandu,2.53
3823,Delhi,2.56
3824,Darjeeling,3.7
3825,Darjeeling,4.65
3826,Darjeeling,3.54
3827,Darjeeling,3.41
3828,Delhi,2.81
3829,Delhi,3.74
3830,Delhi,3.19
3831,Delhi,3.09
3832,Darjeeling,3.69
3833,Darjeeling,3.76
3834,Kathmandu,2.45
3835,Darjeeling,3.03
3836,Delhi,4.07
3837,Darjeeling,3.75
3838,Delhi,3.73
3839,Darjeeling,3.38
3840,Darjeeling,5.0
3841,Delhi,2.77
3842,Darjeeling,3.05
3843,Kathmandu,3.97
3844,Kathmandu,3.65
3845,Delhi,3.46
3846,Darjeeling,3.77
3847,Kathmandu,2.62
3848,Kathmandu,4.31
3849,Kathmandu,2.71
3850,Darjeeling,3.87
3851,Darjeeling,3.27
3852,Darjeeling,3.45
3853,Kathmandu,5.0
3854,Kathmandu,1.94
3855,Kathmandu,3.11
3856,Darjeeling,3.31
3857,Delhi,2.79
3858,Delhi,1.62
3859,Kathmandu,2.95
3860,Darjeeling,4.34
3861,Delhi,3.02
3862,Kathmandu,4.77
3863,Darjeeling,1.55
3864,Delhi,2.7
3865,Delhi,3.11
3866,Delhi,2.74
3867,Darjeeling,3.72
3868,Kathmandu,2.9
3869,Delhi,2.41
3870,Delhi,1.0
3871,Kathmandu,3.3
3872,Kathmandu,3.45
3873,Kathmandu,3.09
3874,Delhi,3.58
3875,Darjeeling,5.0
3876,Delhi,1.32
3877,Delhi,2.47
3878,Kathmandu,3.93
3879,Darjeeling,3.77
3880,Kathmandu,4.56
3881,Delhi,4.01
3882,Kathmandu,4.56
3883,Kathmandu,3.65
3884,Darjeeling,2.98
3885,Delhi,3.23
3886,Darjeeling,4.71
3887,Kathmandu,1.47
3888,Darjeeling,4.35
3889,Delhi,1.96
3890,Delhi,4.45
3891,Kathmandu,5.0
3892,Delhi,1.83
3893,Darjeeling,4.22
3894,Kathmandu,3.9
3895,Darjeeling,4.79
3896,Kathmandu,4.08
3897,Darjeeling,2.33
3898,Delhi,1.87
3899,Delhi,2.85
3900,Delhi,1.94
3901,Delhi,3.47
3902,Kathmandu,3.63
3903,Darjeeling,3.26
3904,Delhi,3.55
3905,Darjeeling,2.86
3906,Darjeeling,3.35
3907,Delhi,1.18
3908,Kathmandu,4.95
3909,Darjeeling,3.49
3910,Kathmandu,3.46
3911,Darjeeling,3.34
3912,Kathmandu,5.0
3913,Kathmandu,4.57
3914,Delhi,2.24
3915,Delhi,4.17
3916,Darjeeling,3.67
3917,Darjeeling,3.66
3918,Kathmandu,4.23
3919,Delhi,3.13
3920,Delhi,3.21
3921,Kathmandu,4.32
3922,Darjeeling,3.49
3923,Delhi,2.06
3924,Delhi,3.3
3925,Delhi,4.15
3926,Darjeeling,2.97
3927,Kathmandu,2.92
3928,Delhi,3.64
3929,Delhi,5.0
3930,Delhi,3.71
3931,Kathmandu,3.53
3932,Kathmandu,3.54
3933,Kathmandu,4.23
3934,Delhi,4.48
3935,Kathmandu,3.89
3936,Kathmandu,2.92
3937,Kathmandu,3.09
3938,Kathmandu,1.8
3939,Kathmandu,3.58
3940,Darjeeling,3.78
3941,Delhi,2.38
3942,Delhi,1.89
3943,Darjeeling,4.08
3944,Delhi,4.35
3945,Darjeeling,3.58
3946,Darjeeling,2.03
3947,Delhi,2.55
3948,Darjeeling,2.55
3949,Darjeeling,3.39
3950,Kathmandu,4.65
3951,Darjeeling,3.99
3952,Darjeeling,3.32
3953,Kathmandu,3.6
3954,Kathmandu,4.61
3955,Darjeeling,3.14
3956,Delhi,3.47
3957,Darjeeling,2.91
3958,Kathmandu,3.44
3959,Darjeeling,2.68
3960,Kathmandu,2.64
3961,Delhi,4.22
3962,Delhi,2.15
3963,Darjeeling,3.46
3964,Delhi,3.75
3965,Darjeeling,2.97
3966,Delhi,3.86
3967,Darjeeling,3.18
3968,Kathmandu,4.15
3969,Kathmandu,3.5
3970,Darjeeling,3.5
3971,Delhi,3.12
3972,Kathmandu,3.8
3973,Darjeeling,3.42
3974,Kathmandu,4.23
3975,Darjeeling,3.25
3976,Kathmandu,1.46
3977,Darjeeling,3.37
3978,Delhi,5.0
3979,Darjeeling,3.93
3980,Darjeeling,4.11
3981,Delhi,2.44
3982,Delhi,2.91
3983,Kathmandu,3.88
3984,Delhi,4.94
3985,Darjeeling,1.95
3986,Darjeeling,2.4
3987,Darjeeling,4.55
3988,Kathmandu,5.0
3989,Kathmandu,3.64
3990,Kathmandu,5.0
3991,Darjeeling,2.67
3992,Delhi,3.02
3993,Delhi,2.86
3994,Darjeeling,3.39
3995,Kathmandu,4.11
3996,Delhi,3.41
3997,Darjeeling,2.3
3998,Delhi,1.78
3999,Delhi,2.87
4000,Delhi,3.52
4001,Kathmandu,4.7
4002,Darjeeling,2.61
4003,Kathmandu,2.06
4004,Kathmandu,3.33
4005,Delhi,4.22
4006,Darjeeling,4.71
4007,Darjeeling,2.2
4008,Delhi,2.61
4009,Kathmandu,3.33
4010,Delhi,2.53
4011,Delhi,3.76
4012,Darjeeling,2.52
4013,Delhi,3.75
4014,Kathmandu,4.44
4015,Kathmandu,5.0
4016,Kathmandu,2.69
4017,Darjeeling,4.36
4018,Delhi,2.38
4019,Delhi,3.1
4020,Kathmandu,5.0
4021,Darjeeling,2.98
4022,Darjeeling,3.54
4023,Delhi,1.0
4024,Delhi,2.16
4025,Darjeeling,3.03
4026,Darjeeling,3.0
4027,Kathmandu,4.0
4028,Kathmandu,3.26
4029,Kathmandu,2.89
4030,Darjeeling,3.37
4031,Kathmandu,2.76
4032,Darjeeling,3.82
4033,Kathmandu,1.78
4034,Darjeeling,3.36
4035,Delhi,1.88
4036,Darjeeling,3.88
4037,Delhi,3.98
4038,Delhi,2.31
4039,Darjeeling,4.0
4040,Delhi,2.32
4041,Kathmandu,2.45
4042,Kathmandu,4.32
4043,Kathmandu,1.58
4044,Darjeeling,4.64
4045,Delhi,4.68
4046,Darjeeling,2.49
4047,Darjeeling,4.65
4048,Kathmandu,3.85
4049,Kathmandu,2.3
4050,Kathmandu,3.44
4051,Delhi,2.24
4052,Kathmandu,4.07
4053,Darjeeling,3.81
4054,Delhi,2.02
4055,Darjeeling,3.37
4056,Darjeeling,3.53
4057,Darjeeling,4.43
4058,Delhi,3.97
4059,Kathmandu,3.07
4060,Kathmandu,4.51
4061,Darjeeling,3.53
4062,Darjeeling,3.15
4063,Kathmandu,2.4
4064,Darjeeling,1.98
4065,Delhi,3.17
4066,Delhi,3.1
4067,Delhi,4.63
4068,Darjeeling,4.3
4069,Darjeeling,3.04
4070,Delhi,2.93
4071,Delhi,1.71
4072,Kathmandu,2.22
4073,Darjeeling,4.32
4074,Darjeeling,3.09
4075,Delhi,1.88
4076,Delhi,2.9
4077,Darjeeling,4.7
4078,Kathmandu,3.67
4079,Kathmandu,3.76
4080,Delhi,2.45
4081,Delhi,3.54
4082,Kathmandu,4.12
4083,Delhi,1.0
4084,Kathmandu,2.63
4085,Delhi,1.79
4086,Darjeeling,4.08
4087,Kathmandu,2.59
4088,Delhi,4.4
4089,Darjeeling,3.26
4090,Kathmandu,3.59
4091,Delhi,3.29
4092,Delhi,3.14
4093,Kathmandu,3.99
4094,Darjeeling,3.48
4095,Kathmandu,4.0
4096,Darjeeling,2.29
4097,Kathmandu,3.93
4098,Delhi,2.44
4099,Kathmandu,3.09
4100,Delhi,2.86
4101,Darjeeling,2.8
4102,Delhi,2.41
4103,Delhi,2.8
4104,Kathmandu,3.55
4105,Delhi,1.36
4106,Delhi,1.63
4107,Delhi,2.62
4108,Delhi,4.62
4109,Delhi,2.71
4110,Kathmandu,3.19
4111,Darjeeling,4.78
4112,Delhi,3.15
4113,Darjeeling,3.42
4114,Delhi,2.99
4115,Delhi,1.79
4116,Delhi,2.83
4117,Delhi,3.93
4118,Delhi,3.2
4119,Delhi,2.09
4120,Kathmandu,3.99
4121,Kathmandu,1.65
4122,Delhi,1.7
4123,Kathmandu,3.54
4124,Darjeeling,4.86
4125,Kathmandu,4.57
4126,Darjeeling,4.01
4127,Darjeeling,3.85
4128,Darjeeling,2.86
4129,Kathmandu,3.54
4130,Kathmandu,2.53
4131,Delhi,2.3
4132,Delhi,4.13
4133,Delhi,3.52
4134,Darjeeling,3.34
4135,Kathmandu,4.29
4136,Darjeeling,2.6
4137,Darjeeling,2.77
4138,Darjeeling,3.32
4139,Darjeeling,4.3
4140,Kathmandu,4.63
4141,Delhi,3.77
4142,Darjeeling,3.1
4143,Kathmandu,2.56
4144,Darjeeling,3.11
4145,Delhi,3.02
4146,Kathmandu,5.0
4147,Delhi,2.67
4148,Darjeeling,2.88
4149,Delhi,3.93
4150,Delhi,2.9
4151,Darjeeling,3.81
4152,Kathmandu,5.0
4153,Delhi,1.28
4154,Delhi,4.01
4155,Darjeeling,2.73
4156,Delhi,2.14
4157,Delhi,2.37
4158,Darjeeling,2.75
4159,Kathmandu,3.24
4160,Kathmandu,3.71
4161,Delhi,3.43
4162,Kathmandu,4.11
4163,Kathmandu,2.43
4164,Delhi,3.93
4165,Delhi,3.32
4166,Kathmandu,3.13
4167,Darjeeling,2.81
4168,Delhi,1.0
4169,Delhi,1.99
4170,Delhi,3.41
4171,Kathmandu,2.68
4172,Darjeeling,1.0
4173,Delhi,3.93
4174,Delhi,1.77
4175,Kathmandu,2.62
4176,Darjeeling,3.37
4177,Darjeeling,4.21
4178,Delhi,2.53
4179,Kathmandu,3.07
4180,Delhi,3.71
4181,Delhi,4.1
4182,Darjeeling,3.37
4183,Kathmandu,2.77
4184,Delhi,1.84
4185,Delhi,5.0
4186,Darjeeling,3.08
4187,Darjeeling,3.08
4188,Darjeeling,3.12
4189,Darjeeling,4.22
4190,Kathmandu,3.36
4191,Kathmandu,2.55
4192,Delhi,4.7
4193,Kathmandu,5.0
4194,Delhi,2.96
4195,Delhi,4.78
4196,Kathmandu,5.0
4197,Darjeeling,3.39
4198,Darjeeling,3.42
4199,Kathmandu,3.72
4200,Darjeeling,1.82
4201,Kathmandu,4.11
4202,Darjeeling,3.67
4203,Kathmandu,4.12
4204,Darjeeling,4.05
4205,Darjeeling,3.94
4206,Delhi,1.0
4207,Darjeeling,3.82
4208,Darjeeling,3.23
4209,Darjeeling,4.01
4210,Darjeeling,3.41
4211,Darjeeling,2.53
4212,Kathmandu,3.78
4213,Delhi,4.8
4214,Kathmandu,4.42
4215,Delhi,4.91
4216,Delhi,3.79
4217,Kathmandu,3.88
4218,Darjeeling,3.66
4219,Delhi,1.41
4220,Kathmandu,3.67
4221,Kathmandu,4.45
4222,Delhi,2.47
4223,Kathmandu,3.5
4224,Kathmandu,3.56
4225,Delhi,2.8
4226,Kathmandu,3.57
4227,Darjeeling,4.5
4228,Darjeeling,4.24
4229,Kathmandu,3.13
4230,Delhi,2.13
4231,Kathmandu,2.21
4232,Delhi,3.54
4233,Kathmandu,3.4
4234,Kathmandu,5.0
4235,Delhi,3.46
4236,Kathmandu,2.93
4237,Delhi,2.44
4238,Kathmandu,3.31
4239,Kathmandu,3.95
4240,Kathmandu,3.16
4241,Darjeeling,3.76
4242,Delhi,2.48
4243,Delhi,2.56
4244,Delhi,3.7
4245,Delhi,2.31
4246,Delhi,4.07
4247,Kathmandu,3.82
4248,Darjeeling,3.08
4249,Darjeeling,3.07
4250,Delhi,3.57
4251,Darjeeling,3.35
4252,Darjeeling,3.23
4253,Darjeeling,3.66
4254,Delhi,2.7
4255,Darjeeling,3.27
4256,Delhi,5.0
4257,Delhi,1.0
4258,Delhi,2.36
4259,Darjeeling,4.65
4260,Delhi,3.13
4261,Kathmandu,4.07
4262,Darjeeling,4.15
4263,Kathmandu,4.26
4264,Darjeeling,3.8
4265,Kathmandu,3.6
4266,Delhi,2.07
4267,Delhi,2.25
4268,Kathmandu,4.42
4269,Darjeeling,2.68
4270,Delhi,4.25
4271,Darjeeling,3.78
4272,Kathmandu,3.9
4273,Kathmandu,3.2
4274,Delhi,1.79
4275,Kathmandu,4.98
4276,Kathmandu,5.0
4277,Delhi,3.03
4278,Darjeeling,4.61
4279,Darjeeling,2.37
4280,Delhi,4.85
4281,Kathmandu,4.78
4282,Darjeeling,3.51
4283,Darjeeling,3.01
4284,Darjeeling,2.62
4285,Delhi,2.26
4286,Darjeeling,3.9
4287,Kathmandu,3.0
4288,Darjeeling,2.03
4289,Delhi,1.76
4290,Delhi,4.06
4291,Delhi,1.0
4292,Darjeeling,2.49
4293,Darjeeling,4.85
4294,Kathmandu,3.44
4295,Darjeeling,3.01
4296,Darjeeling,3.08
4297,Delhi,2.46
4298,Kathmandu,4.17
4299,Delhi,3.27
4300,Kathmandu,4.1
4301,Darjeeling,4.54
4302,Darjeeling,2.86
4303,Darjeeling,3.47
4304,Delhi,4.21
4305,Kathmandu,4.56
4306,Darjeeling,2.39
4307,Darjeeling,3.5
4308,Darjeeling,2.69
4309,Darjeeling,2.57
4310,Delhi,2.4
4311,Delhi,4.2
4312,Darjeeling,3.73
4313,Darjeeling,3.22
4314,Kathmandu,4.39
4315,Darjeeling,3.44
4316,Delhi,4.03
4317,Delhi,4.19
4318,Delhi,4.23
4319,Darjeeling,5.0
4320,Delhi,2.9
4321,Kathmandu,4.12
4322,Kathmandu,4.49
4323,Delhi,4.83
4324,Darjeeling,2.89
4325,Delhi,2.4
4326,Delhi,1.74
4327,Delhi,2.79
4328,Darjeeling,3.25
4329,Kathmandu,3.12
4330,Delhi,4.28
4331,Darjeeling,1.21
4332,Darjeeling,4.33
4333,Kathmandu,3.93
4334,Darjeeling,4.14
4335,Darjeeling,4.15
4336,Delhi,3.63
4337,Darjeeling,3.72
4338,Kathmandu,2.83
4339,Darjeeling,1.37
4340,Kathmandu,3.83
4341,Kathmandu,5.0
4342,Delhi,1.0
4343,Darjeeling,3.31
4344,Darjeeling,3.7
4345,Kathmandu,4.72
4346,Kathmandu,3.15
4347,Kathmandu,4.5
4348,Kathmandu,3.79
4349,Delhi,3.54
4350,Kathmandu,4.59
4351,Darjeeling,2.39
4352,Darjeeling,3.65
4353,Kathmandu,3.77
4354,Delhi,3.97
4355,Delhi,3.86
4356,Delhi,3.52
4357,Delhi,3.4
4358,Delhi,1.0
4359,Darjeeling,3.59
4360,Delhi,3.79
4361,Delhi,4.17
4362,Kathmandu,5.0
4363,Delhi,3.13
4364,Kathmandu,2.05
4365,Kathmandu,2.63
4366,Darjeeling,3.16
4367,Delhi,1.84
4368,Kathmandu,5.0
4369,Darjeeling,2.68
4370,Delhi,2.01
4371,Kathmandu,1.44
4372,Darjeeling,1.87
4373,Darjeeling,2.81
4374,Kathmandu,3.76
4375,Kathmandu,2.96
4376,Delhi,3.12
4377,Delhi,3.81
4378,Delhi,4.23
4379,Delhi,2.26
4380,Delhi,2.49
4381,Delhi,1.11
4382,Darjeeling,3.77
4383,Kathmandu,3.33
4384,Kathmandu,3.0
4385,Delhi,5.0
4386,Delhi,3.14
4387,Darjeeling,2.33
4388,Kathmandu,1.99
4389,Darjeeling,2.95
4390,Delhi,4.36
4391,Delhi,3.86
4392,Kathmandu,3.0
4393,Delhi,3.08
4394,Darjeeling,3.25
4395,Delhi,2.89
4396,Darjeeling,4.65
4397,Kathmandu,2.94
4398,Delhi,3.84
4399,Kathmandu,4.18
4400,Kathmandu,4.23
4401,Darjeeling,3.56
4402,Darjeeling,3.88
4403,Darjeeling,3.73
4404,Darjeeling,2.24
4405,Delhi,1.68
4406,Kathmandu,4.09
4407,Delhi,3.04
4408,Kathmandu,4.51
4409,Darjeeling,3.63
4410,Kathmandu,1.64
4411,Kathmandu,2.6
4412,Delhi,4.2
4413,Darjeeling,3.58
4414,Delhi,2.36
4415,Kathmandu,2.15
4416,Delhi,3.55
4417,Delhi,2.69
4418,Kathmandu,2.98
4419,Kathmandu,3.0
4420,Darjeeling,4.33
4421,Darjeeling,4.15
4422,Kathmandu,1.8
4423,Kathmandu,2.92
4424,Delhi,4.22
4425,Delhi,3.63
4426,Darjeeling,3.27
4427,Kathmandu,4.58
4428,Delhi,2.99
4429,Darjeeling,3.06
4430,Kathmandu,4.46
4431,Delhi,2.55
4432,Kathmandu,3.32
4433,Delhi,2.41
4434,Delhi,4.89
4435,Delhi,4.05
4436,Darjeeling,3.84
4437,Delhi,3.48
4438,Darjeeling,3.02
4439,Kathmandu,3.52
4440,Darjeeling,3.24
4441,Kathmandu,3.92
4442,Kathmandu,3.88
4443,Darjeeling,3.16
4444,Delhi,1.76
4445,Delhi,3.05
4446,Delhi,1.7
4447,Darjeeling,2.05
4448,Delhi,2.16
4449,Darjeeling,2.17
4450,Darjeeling,3.98
4451,Kathmandu,4.18
4452,Delhi,3.21
4453,Darjeeling,2.18
4454,Delhi,2.4
4455,Kathmandu,3.73
4456,Delhi,4.45
4457,Kathmandu,3.3
4458,Darjeeling,3.17
4459,Darjeeling,4.14
4460,Delhi,1.61
4461,Kathmandu,2.4
4462,Delhi,5.0
4463,Kathmandu,4.01
4464,Delhi,1.0
4465,Kathmandu,4.14
4466,Kathmandu,4.11
4467,Delhi,3.62
4468,Kathmandu,4.17
4469,Darjeeling,1.99
4470,Delhi,4.01
4471,Delhi,1.35
4472,Kathmandu,5.0
4473,Kathmandu,3.82
4474,Darjeeling,2.44
4475,Delhi,2.67
4476,Delhi,3.67
4477,Darjeeling,2.71
4478,Kathmandu,3.24
4479,Darjeeling,4.01
4480,Darjeeling,3.96
4481,Delhi,3.64
4482,Delhi,3.98
4483,Delhi,2.76
4484,Delhi,3.92
4485,Delhi,1.71
4486,Darjeeling,3.39
4487,Delhi,3.47
4488,Darjeeling,3.88
4489,Darjeeling,3.49
4490,Darjeeling,3.62
4491,Kathmandu,2.61
4492,Darjeeling,5.0
4493,Delhi,2.56
4494,Darjeeling,2.98
4495,Darjeeling,3.27
4496,Delhi,1.93
4497,Darjeeling,1.52
4498,Darjeeling,3.79
4499,Kathmandu,2.08
4500,Delhi,1.93
4501,Delhi,4.57
4502,Darjeeling,2.49
4503,Darjeeling,2.43
4504,Darjeeling,2.59
4505,Kathmandu,4.49
4506,Delhi,2.78
4507,Darjeeling,2.71
4508,Kathmandu,5.0
4509,Delhi,1.0
4510,Kathmandu,3.67
4511,Darjeeling,5.0
4512,Kathmandu,3.29
4513,Kathmandu,2.27
4514,Darjeeling,3.54
4515,Darjeeling,4.73
4516,Kathmandu,4.14
4517,Kathmandu,2.04
4518,Delhi,3.5
4519,Kathmandu,4.67
4520,Kathmandu,4.43
4521,Delhi,3.52
4522,Darjeeling,3.17
4523,Kathmandu,4.5
4524,Kathmandu,5.0
4525,Darjeeling,3.59
4526,Kathmandu,3.24
4527,Delhi,3.36
4528,Delhi,3.72
4529,Darjeeling,3.21
4530,Kathmandu,3.06
4531,Kathmandu,2.84
4532,Delhi,2.96
4533,Kathmandu,3.73
4534,Kathmandu,1.71
4535,Kathmandu,3.14
4536,Kathmandu,3.92
4537,Darjeeling,3.15
4538,Delhi,2.26
4539,Darjeeling,3.11
4540,Darjeeling,2.51
4541,Darjeeling,3.39
4542,Darjeeling,5.0
4543,Kathmandu,4.11
4544,Kathmandu,4.36
4545,Kathmandu,4.11
4546,Delhi,3.96
4547,Delhi,3.1
4548,Delhi,2.58
4549,Delhi,4.35
4550,Kathmandu,3.05
4551,Kathmandu,2.46
4552,Darjeeling,4.53
4553,Kathmandu,2.87
4554,Darjeeling,4.34
4555,Kathmandu,1.6
4556,Delhi,2.79
4557,Kathmandu,2.89
4558,Delhi,2.63
4559,Kathmandu,1.95
4560,Delhi,3.81
4561,Delhi,3.36
4562,Darjeeling,3.55
4563,Darjeeling,2.24
4564,Darjeeling,2.97
4565,Delhi,1.63
4566,Kathmandu,3.31
4567,Kathmandu,3.94
4568,Kathmandu,3.5
4569,Delhi,3.14
4570,Kathmandu,2.81
4571,Delhi,3.88
4572,Darjeeling,2.6
4573,Darjeeling,5.0
4574,Delhi,2.14
4575,Delhi,3.64
4576,Delhi,3.67
4577,Kathmandu,4.14
4578,Kathmandu,3.46
4579,Kathmandu,2.66
4580,Kathmandu,3.6
4581,Kathmandu,3.78
4582,Kathmandu,2.86
4583,Kathmandu,1.94
4584,Delhi,1.73
4585,Darjeeling,2.84
4586,Darjeeling,3.85
4587,Kathmandu,3.55
4588,Delhi,2.75
4589,Darjeeling,2.52
4590,Kathmandu,4.76
4591,Kathmandu,2.31
4592,Darjeeling,3.72
4593,Darjeeling,2.92
4594,Darjeeling,3.27
4595,Darjeeling,3.4
4596,Darjeeling,4.45
4597,Darjeeling,2.99
4598,Kathmandu,4.86
4599,Kathmandu,2.44
4600,Darjeeling,2.55
4601,Delhi,2.18
4602,Darjeeling,1.66
4603,Delhi,4.62
4604,Darjeeling,2.06
4605,Darjeeling,3.96
4606,Kathmandu,3.96
4607,Kathmandu,2.84
4608,Delhi,3.68
4609,Kathmandu,4.64
4610,Darjeeling,3.25
4611,Darjeeling,3.76
4612,Kathmandu,3.76
4613,Darjeeling,4.08
4614,Kathmandu,3.5
4615,Delhi,1.96
4616,Kathmandu,3.15
4617,Kathmandu,3.66
4618,Darjeeling,3.57
4619,Kathmandu,3.62
4620,Darjeeling,1.78
4621,Kathmandu,4.02
4622,Delhi,1.33
4623,Kathmandu,2.06
4624,Darjeeling,2.56
4625,Darjeeling,3.39
4626,Kathmandu,2.37
4627,Kathmandu,5.0
4628,Delhi,3.46
4629,Delhi,2.24
4630,Darjeeling,3.35
4631,Darjeeling,2.68
4632,Delhi,2.74
4633,Delhi,3.01
4634,Delhi,2.63
4635,Darjeeling,3.37
4636,Darjeeling,4.19
4637,Darjeeling,3.23
4638,Kathmandu,2.93
4639,Darjeeling,2.26
4640,Kathmandu,2.02
4641,Darjeeling,3.07
4642,Kathmandu,3.29
4643,Delhi,2.96
4644,Delhi,5.0
4645,Kathmandu,3.35
4646,Kathmandu,2.27
4647,Kathmandu,3.91
4648,Kathmandu,4.11
4649,Kathmandu,4.52
4650,Delhi,1.87
4651,Darjeeling,3.22
4652,Delhi,2.62
4653,Delhi,2.52
4654,Darjeeling,4.11
4655,Delhi,3.27
4656,Darjeeling,3.53
4657,Delhi,2.45
4658,Delhi,1.0
4659,Darjeeling,2.73
4660,Delhi,4.55
4661,Delhi,2.68
4662,Kathmandu,3.21
4663,Darjeeling,2.97
4664,Kathmandu,2.74
4665,Darjeeling,3.81
4666,Kathmandu,3.14
4667,Kathmandu,3.82
4668,Kathmandu,3.55
4669,Darjeeling,3.13
4670,Darjeeling,4.44
4671,Kathmandu,2.1
4672,Kathmandu,4.12
4673,Kathmandu,5.0
4674,Delhi,3.12
4675,Kathmandu,4.23
4676,Kathmandu,3.79
4677,Kathmandu,3.01
4678,Darjeeling,3.28
4679,Darjeeling,4.0
4680,Delhi,3.21
4681,Delhi,4.8
4682,Kathmandu,5.0
4683,Delhi,2.13
4684,Kathmandu,4.57
4685,Delhi,3.15
4686,Darjeeling,5.0
4687,Darjeeling,3.18
4688,Delhi,3.52
4689,Kathmandu,2.76
4690,Darjeeling,5.0
4691,Darjeeling,2.85
4692,Kathmandu,3.26
4693,Kathmandu,1.76
4694,Delhi,3.97
4695,Darjeeling,3.22
4696,Kathmandu,2.48
4697,Delhi,4.0
4698,Kathmandu,2.87
4699,Delhi,2.79
4700,Delhi,4.14
4701,Delhi,3.15
4702,Delhi,2.65
4703,Darjeeling,2.65
4704,Delhi,3.72
4705,Delhi,1.33
4706,Kathmandu,2.01
4707,Kathmandu,3.04
4708,Delhi,4.7
4709,Delhi,3.74
4710,Kathmandu,3.05
4711,Delhi,2.54
4712,Darjeeling,3.32
4713,Darjeeling,2.38
4714,Darjeeling,3.92
4715,Kathmandu,2.58
4716,Delhi,3.13
4717,Delhi,3.4
4718,Kathmandu,4.54
4719,Kathmandu,5.0
4720,Kathmandu,4.46
4721,Delhi,3.56
4722,Darjeeling,3.64
4723,Darjeeling,3.5
4724,Delhi,3.7
4725,Kathmandu,3.55
4726,Kathmandu,3.05
4727,Kathmandu,4.12
4728,Delhi,4.23
4729,Kathmandu,3.26
4730,Delhi,1.09
4731,Kathmandu,2.49
4732,Delhi,3.56
4733,Delhi,3.89
4734,Delhi,1.9
4735,Kathmandu,3.07
4736,Darjeeling,3.37
4737,Kathmandu,3.48
4738,Kathmandu,3.98
4739,Kathmandu,2.21
4740,Kathmandu,2.26
4741,Delhi,3.59
4742,Kathmandu,2.94
4743,Kathmandu,2.82
4744,Kathmandu,2.94
4745,Darjeeling,3.29
4746,Darjeeling,2.93
4747,Delhi,5.0
4748,Darjeeling,3.92
4749,Delhi,4.31
4750,Darjeeling,4.1
4751,Kathmandu,3.13
4752,Kathmandu,2.73
4753,Kathmandu,3.84
4754,Darjeeling,3.74
4755,Kathmandu,2.99
4756,Darjeeling,3.12
4757,Darjeeling,4.57
4758,Darjeeling,3.07
4759,Kathmandu,2.98
4760,Kathmandu,3.61
4761,Darjeeling,1.71
4762,Delhi,2.03
4763,Kathmandu,3.08
4764,Darjeeling,3.72
4765,Delhi,2.6
4766,Delhi,1.53
4767,Kathmandu,3.48
4768,Darjeeling,1.0
4769,Delhi,3.22
4770,Darjeeling,3.09
4771,Kathmandu,2.0
4772,Kathmandu,1.86
4773,Kathmandu,4.27
4774,Kathmandu,1.63
4775,Kathmandu,4.6
4776,Kathmandu,4.24
4777,Darjeeling,4.01
4778,Kathmandu,3.19
4779,Darjeeling,1.97
4780,Kathmandu,4.24
4781,Kathmandu,2.84
4782,Delhi,3.2
4783,Darjeeling,1.78
4784,Darjeeling,3.81
4785,Darjeeling,3.66
4786,Darjeeling,4.33
4787,Delhi,1.99
4788,Darjeeling,1.67
4789,Delhi,5.0
4790,Darjeeling,2.67
4791,Darjeeling,3.46
4792,Kathmandu,3.76
4793,Delhi,3.29
4794,Darjeeling,3.77
4795,Darjeeling,4.52
4796,Delhi,5.0
4797,Kathmandu,4.08
4798,Darjeeling,2.65
4799,Kathmandu,3.36
4800,Kathmandu,2.6
4801,Delhi,2.77
4802,Darjeeling,4.07
4803,Kathmandu,2.99
4804,Darjeeling,3.75
4805,Delhi,3.2
4806,Kathmandu,1.57
4807,Kathmandu,4.15
4808,Kathmandu,5.0
4809,Kathmandu,4.7
4810,Delhi,2.56
4811,Delhi,3.36
4812,Darjeeling,4.26
4813,Delhi,4.4
4814,Darjeeling,3.25
4815,Delhi,3.19
4816,Kathmandu,2.21
4817,Darjeeling,3.22
4818,Kathmandu,2.66
4819,Delhi,2.97
4820,Kathmandu,3.22
4821,Darjeeling,3.34
4822,Kathmandu,1.87
4823,Darjeeling,3.03
4824,Delhi,2.31
4825,Kathmandu,4.54
4826,Delhi,4.17
4827,Kathmandu,4.02
4828,Delhi,4.1
4829,Kathmandu,3.76
4830,Kathmandu,3.44
4831,Kathmandu,3.69
4832,Kathmandu,3.44
4833,Darjeeling,4.27
4834,Darjeeling,3.61
4835,Delhi,2.98
4836,Delhi,4.25
4837,Kathmandu,4.58
4838,Darjeeling,3.75
4839,Kathmandu,4.24
4840,Darjeeling,3.44
4841,Darjeeling,5.0
4842,Delhi,1.04
4843,Delhi,2.72
4844,Darjeeling,3.69
4845,Delhi,2.52
4846,Delhi,1.29
4847,Delhi,1.53
4848,Delhi,3.8
4849,Darjeeling,4.03
4850,Darjeeling,4.57
4851,Delhi,2.19
4852,Delhi,1.75
4853,Kathmandu,2.55
4854,Kathmandu,3.4
4855,Kathmandu,4.71
4856,Kathmandu,3.25
4857,Kathmandu,4.07
4858,Kathmandu,3.29
4859,Delhi,3.1
4860,Darjeeling,3.93
4861,Darjeeling,2.99
4862,Delhi,2.35
4863,Kathmandu,3.76
4864,Delhi,2.33
4865,Kathmandu,4.09
4866,Kathmandu,3.58
4867,Delhi,2.87
4868,Kathmandu,1.38
4869,Kathmandu,5.0
4870,Delhi,3.45
4871,Kathmandu,4.49
4872,Delhi,3.89
4873,Kathmandu,2.59
4874,Kathmandu,4.76
4875,Kathmandu,3.68
4876,Darjeeling,3.79
4877,Delhi,1.95
4878,Kathmandu,3.72
4879,Kathmandu,2.99
4880,Delhi,2.95
4881,Delhi,2.98
4882,Delhi,3.29
4883,Kathmandu,3.3
4884,Delhi,2.61
4885,Kathmandu,3.95
4886,Delhi,2.89
4887,Darjeeling,3.68
4888,Delhi,2.26
4889,Delhi,1.0
4890,Kathmandu,2.15
4891,Delhi,1.78
4892,Kathmandu,4.47
4893,Kathmandu,2.58
4894,Delhi,4.45
4895,Delhi,3.81
4896,Darjeeling,2.97
4897,Kathmandu,4.2
4898,Darjeeling,2.65
4899,Darjeeling,4.02
4900,Darjeeling,3.85
4901,Delhi,4.53
4902,Darjeeling,2.66
4903,Darjeeling,2.94
4904,Darjeeling,4.69
4905,Kathmandu,2.21
4906,Kathmandu,3.36
4907,Kathmandu,4.37
4908,Delhi,1.98
4909,Delhi,5.0
4910,Darjeeling,2.31
4911,Delhi,3.33
4912,Kathmandu,3.44
4913,Kathmandu,4.0
4914,Delhi,2.49
4915,Darjeeling,3.0
4916,Delhi,1.68
4917,Kathmandu,2.82
4918,Delhi,3.19
4919,Delhi,3.94
4920,Kathmandu,4.31
4921,Delhi,2.88
4922,Darjeeling,1.86
4923,Kathmandu,4.37
4924,Delhi,4.35
4925,Delhi,2.67
4926,Darjeeling,4.55
4927,Kathmandu,5.0
4928,Delhi,2.53
4929,Delhi,1.45
4930,Darjeeling,4.16
4931,Kathmandu,2.54
4932,Darjeeling,2.95
4933,Delhi,3.24
4934,Kathmandu,3.07
4935,Darjeeling,3.91
4936,Darjeeling,2.43
4937,Darjeeling,3.17
4938,Delhi,1.0
4939,Darjeeling,2.61
4940,Delhi,3.67
4941,Kathmandu,3.45
4942,Kathmandu,4.67
4943,Delhi,3.48
4944,Darjeeling,4.06
4945,Darjeeling,2.69
4946,Darjeeling,1.71
4947,Darjeeling,3.77
4948,Delhi,4.36
4949,Darjeeling,3.86
4950,Delhi,2.44
4951,Darjeeling,2.92
4952,Delhi,3.46
4953,Kathmandu,3.54
4954,Darjeeling,3.38
4955,Kathmandu,5.0
4956,Delhi,3.8
4957,Kathmandu,3.45
4958,Kathmandu,5.0
4959,Kathmandu,4.04
4960,Kathmandu,3.36
4961,Darjeeling,2.43
4962,Darjeeling,3.22
4963,Delhi,3.19
4964,Delhi,2.5
4965,Delhi,2.55
4966,Kathmandu,3.51
4967,Kathmandu,3.63
4968,Darjeeling,3.03
4969,Kathmandu,1.64
4970,Kathmandu,4.85
4971,Darjeeling,3.46
4972,Darjeeling,4.13
4973,Darjeeling,4.17
4974,Kathmandu,4.27
4975,Kathmandu,3.53
4976,Darjeeling,2.26
4977,Darjeeling,3.73
4978,Darjeeling,3.91
4979,Kathmandu,4.04
4980,Darjeeling,3.82
4981,Delhi,2.73
4982,Delhi,4.59
4983,Delhi,3.23
4984,Delhi,1.56
4985,Darjeeling,2.32
4986,Darjeeling,3.12
4987,Delhi,2.34
4988,Delhi,2.23
4989,Darjeeling,3.84
4990,Delhi,3.48
4991,Darjeeling,4.29
4992,Kathmandu,3.07
4993,Delhi,1.72
4994,Darjeeling,4.06
4995,Delhi,2.96
4996,Darjeeling,2.42
4997,Kathmandu,3.66
4998,Kathmandu,3.45
4999,Kathmandu,3.14
